date,datetime,event_type,event_name,sponsorship,address,event_id,event_url,rank,player_id,player_name,deck_id,card_id,card_name,count
2022-11-20,2022-11-20 11:00:00,シティリーグ,シティリーグ2023 シーズン1 オープンリーグ,TSUTAYA西友町田店,東京都,31791,/event/detail/31791/result,1,0032550601,アーク,LiLQnL-AKC8VD-LnnnQn,42172,ルギアVSTAR,3
2022-11-20,2022-11-20 11:00:00,シティリーグ,シティリーグ2023 シーズン1 オープンリーグ,TSUTAYA西友町田店,東京都,31791,/event/detail/31791/result,1,0032550601,アーク,LiLQnL-AKC8VD-LnnnQn,42171,ルギアV,4
2022-11-20,2022-11-20 11:00:00,シティリーグ,シティリーグ2023 シーズン1 オープンリーグ,TSUTAYA西友町田店,東京都,31791,/event/detail/31791/result,1,0032550601,アーク,LiLQnL-AKC8VD-LnnnQn,42175,アーケオス,3
2022-11-20,2022-11-20 11:00:00,シティリーグ,シティリーグ2023 シーズン1 オープンリーグ,TSUTAYA西友町田店,東京都,31791,/event/detail/31791/result,1,0032550601,アーク,LiLQnL-AKC8VD-LnnnQn,41692,かがやくリザードン,1
2022-11-20,2022-11-20 11:00:00,シティリーグ,シティリーグ2023 シーズン1 オープンリーグ,TSUTAYA西友町田店,東京都,31791,/event/detail/31791/result,1,0032550601,アーク,LiLQnL-AKC8VD-LnnnQn,38762,イベルタル,1
2022-11-20,2022-11-20 11:00:00,シティリーグ,シティリーグ2023 シーズン1 オープンリーグ,TSUTAYA西友町田店,東京都,31791,/event/detail/31791/result,1,0032550601,アーク,LiLQnL-AKC8VD-LnnnQn,40817,ムーランドV,1
2022-11-20,2022-11-20 11:00:00,シティリーグ,シティリーグ2023 シーズン1 オープンリーグ,TSUTAYA西友町田店,東京都,31791,/event/detail/31791/result,1,0032550601,アーク,LiLQnL-AKC8VD-LnnnQn,41113,クロバットV,1
2022-11-20,2022-11-20 11:00:00,シティリーグ,シティリーグ2023 シーズン1 オープンリーグ,TSUTAYA西友町田店,東京都,31791,/event/detail/31791/result,1,0032550601,アーク,LiLQnL-AKC8VD-LnnnQn,41927,ネオラントV,1
2022-11-20,2022-11-20 11:00:00,シティリーグ,シティリーグ2023 シーズン1 オープンリーグ,TSUTAYA西友町田店,東京都,31791,/event/detail/31791/result,1,0032550601,アーク,LiLQnL-AKC8VD-LnnnQn,40933,マナフィ,1
2022-11-20,2022-11-20 11:00:00,シティリーグ,シティリーグ2023 シーズン1 オープンリーグ,TSUTAYA西友町田店,東京都,31791,/event/detail/31791/result,1,0032550601,アーク,LiLQnL-AKC8VD-LnnnQn,41331,クイックボール,4
2022-11-20,2022-11-20 11:00:00,シティリーグ,シティリーグ2023 シーズン1 オープンリーグ,TSUTAYA西友町田店,東京都,31791,/event/detail/31791/result,1,0032550601,アーク,LiLQnL-AKC8VD-LnnnQn,41913,ハイパーボール,4
2022-11-20,2022-11-20 11:00:00,シティリーグ,シティリーグ2023 シーズン1 オープンリーグ,TSUTAYA西友町田店,東京都,31791,/event/detail/31791/result,1,0032550601,アーク,LiLQnL-AKC8VD-LnnnQn,39571,しんかのおこう,4
2022-11-20,2022-11-20 11:00:00,シティリーグ,シティリーグ2023 シーズン1 オープンリーグ,TSUTAYA西友町田店,東京都,31791,/event/detail/31791/result,1,0032550601,アーク,LiLQnL-AKC8VD-LnnnQn,41897,ロストスイーパー,1
2022-11-20,2022-11-20 11:00:00,シティリーグ,シティリーグ2023 シーズン1 オープンリーグ,TSUTAYA西友町田店,東京都,31791,/event/detail/31791/result,1,0032550601,アーク,LiLQnL-AKC8VD-LnnnQn,40992,こだわりベルト,2
2022-11-20,2022-11-20 11:00:00,シティリーグ,シティリーグ2023 シーズン1 オープンリーグ,TSUTAYA西友町田店,東京都,31791,/event/detail/31791/result,1,0032550601,アーク,LiLQnL-AKC8VD-LnnnQn,42025,セレナ,3
2022-11-20,2022-11-20 11:00:00,シティリーグ,シティリーグ2023 シーズン1 オープンリーグ,TSUTAYA西友町田店,東京都,31791,/event/detail/31791/result,1,0032550601,アーク,LiLQnL-AKC8VD-LnnnQn,41096,ボスの指令（フラダリ）,2
2022-11-20,2022-11-20 11:00:00,シティリーグ,シティリーグ2023 シーズン1 オープンリーグ,TSUTAYA西友町田店,東京都,31791,/event/detail/31791/result,1,0032550601,アーク,LiLQnL-AKC8VD-LnnnQn,40144,博士の研究（オーキド博士）,2
2022-11-20,2022-11-20 11:00:00,シティリーグ,シティリーグ2023 シーズン1 オープンリーグ,TSUTAYA西友町田店,東京都,31791,/event/detail/31791/result,1,0032550601,アーク,LiLQnL-AKC8VD-LnnnQn,40309,マリィ,2
2022-11-20,2022-11-20 11:00:00,シティリーグ,シティリーグ2023 シーズン1 オープンリーグ,TSUTAYA西友町田店,東京都,31791,/event/detail/31791/result,1,0032550601,アーク,LiLQnL-AKC8VD-LnnnQn,39924,バーネット博士,1
2022-11-20,2022-11-20 11:00:00,シティリーグ,シティリーグ2023 シーズン1 オープンリーグ,TSUTAYA西友町田店,東京都,31791,/event/detail/31791/result,1,0032550601,アーク,LiLQnL-AKC8VD-LnnnQn,41357,チェレンの気くばり,1
2022-11-20,2022-11-20 11:00:00,シティリーグ,シティリーグ2023 シーズン1 オープンリーグ,TSUTAYA西友町田店,東京都,31791,/event/detail/31791/result,1,0032550601,アーク,LiLQnL-AKC8VD-LnnnQn,41000,崩れたスタジアム,2
2022-11-20,2022-11-20 11:00:00,シティリーグ,シティリーグ2023 シーズン1 オープンリーグ,TSUTAYA西友町田店,東京都,31791,/event/detail/31791/result,1,0032550601,アーク,LiLQnL-AKC8VD-LnnnQn,40330,オーロラエネルギー,4
2022-11-20,2022-11-20 11:00:00,シティリーグ,シティリーグ2023 シーズン1 オープンリーグ,TSUTAYA西友町田店,東京都,31791,/event/detail/31791/result,1,0032550601,アーク,LiLQnL-AKC8VD-LnnnQn,38835,パワフル無色エネルギー,4
2022-11-20,2022-11-20 11:00:00,シティリーグ,シティリーグ2023 シーズン1 オープンリーグ,TSUTAYA西友町田店,東京都,31791,/event/detail/31791/result,1,0032550601,アーク,LiLQnL-AKC8VD-LnnnQn,38831,ハイド悪エネルギー,1
2022-11-20,2022-11-20 11:00:00,シティリーグ,シティリーグ2023 シーズン1 オープンリーグ,TSUTAYA西友町田店,東京都,31791,/event/detail/31791/result,1,0032550601,アーク,LiLQnL-AKC8VD-LnnnQn,42074,ダブルターボエネルギー,2
2022-11-20,2022-11-20 11:00:00,シティリーグ,シティリーグ2023 シーズン1 オープンリーグ,TSUTAYA西友町田店,東京都,31791,/event/detail/31791/result,1,0032550601,アーク,LiLQnL-AKC8VD-LnnnQn,39736,ツインエネルギー,1
2022-11-20,2022-11-20 11:00:00,シティリーグ,シティリーグ2023 シーズン1 オープンリーグ,TSUTAYA西友町田店,東京都,31791,/event/detail/31791/result,1,0032550601,アーク,LiLQnL-AKC8VD-LnnnQn,39243,キャプチャーエネルギー,2
2022-11-20,2022-11-20 11:00:00,シティリーグ,シティリーグ2023 シーズン1 オープンリーグ,TSUTAYA西友町田店,東京都,31791,/event/detail/31791/result,1,0032550601,アーク,LiLQnL-AKC8VD-LnnnQn,42075,Vガードエネルギー,1
2022-11-20,2022-11-20 11:00:00,シティリーグ,シティリーグ2023 シーズン1 オープンリーグ,TSUTAYA西友町田店,東京都,31791,/event/detail/31791/result,1,0032550601,アーク,LiLQnL-AKC8VD-LnnnQn,41904,ギフトエネルギー,1
2022-11-20,2022-11-20 11:00:00,シティリーグ,シティリーグ2023 シーズン1 オープンリーグ,TSUTAYA西友町田店,東京都,31791,/event/detail/31791/result,2,0023891733,もみぢ,9LnQLL-Yqa3Zu-n6NnnL,40072,カイオーガ,1
2022-11-20,2022-11-20 11:00:00,シティリーグ,シティリーグ2023 シーズン1 オープンリーグ,TSUTAYA西友町田店,東京都,31791,/event/detail/31791/result,2,0023891733,もみぢ,9LnQLL-Yqa3Zu-n6NnnL,41853,キュワワー,4
2022-11-20,2022-11-20 11:00:00,シティリーグ,シティリーグ2023 シーズン1 オープンリーグ,TSUTAYA西友町田店,東京都,31791,/event/detail/31791/result,2,0023891733,もみぢ,9LnQLL-Yqa3Zu-n6NnnL,41837,ウッウ,2
2022-11-20,2022-11-20 11:00:00,シティリーグ,シティリーグ2023 シーズン1 オープンリーグ,TSUTAYA西友町田店,東京都,31791,/event/detail/31791/result,2,0023891733,もみぢ,9LnQLL-Yqa3Zu-n6NnnL,41848,ヤミラミ,2
2022-11-20,2022-11-20 11:00:00,シティリーグ,シティリーグ2023 シーズン1 オープンリーグ,TSUTAYA西友町田店,東京都,31791,/event/detail/31791/result,2,0023891733,もみぢ,9LnQLL-Yqa3Zu-n6NnnL,41770,カビゴン,1
2022-11-20,2022-11-20 11:00:00,シティリーグ,シティリーグ2023 シーズン1 オープンリーグ,TSUTAYA西友町田店,東京都,31791,/event/detail/31791/result,2,0023891733,もみぢ,9LnQLL-Yqa3Zu-n6NnnL,41212,かがやくゲッコウガ,1
2022-11-20,2022-11-20 11:00:00,シティリーグ,シティリーグ2023 シーズン1 オープンリーグ,TSUTAYA西友町田店,東京都,31791,/event/detail/31791/result,2,0023891733,もみぢ,9LnQLL-Yqa3Zu-n6NnnL,40933,マナフィ,1
2022-11-20,2022-11-20 11:00:00,シティリーグ,シティリーグ2023 シーズン1 オープンリーグ,TSUTAYA西友町田店,東京都,31791,/event/detail/31791/result,2,0023891733,もみぢ,9LnQLL-Yqa3Zu-n6NnnL,38855,クイックボール,3
2022-11-20,2022-11-20 11:00:00,シティリーグ,シティリーグ2023 シーズン1 オープンリーグ,TSUTAYA西友町田店,東京都,31791,/event/detail/31791/result,2,0023891733,もみぢ,9LnQLL-Yqa3Zu-n6NnnL,41490,ヒスイのヘビーボール,1
2022-11-20,2022-11-20 11:00:00,シティリーグ,シティリーグ2023 シーズン1 オープンリーグ,TSUTAYA西友町田店,東京都,31791,/event/detail/31791/result,2,0023891733,もみぢ,9LnQLL-Yqa3Zu-n6NnnL,40053,バトルVIPパス,3
2022-11-20,2022-11-20 11:00:00,シティリーグ,シティリーグ2023 シーズン1 オープンリーグ,TSUTAYA西友町田店,東京都,31791,/event/detail/31791/result,2,0023891733,もみぢ,9LnQLL-Yqa3Zu-n6NnnL,38802,回収ネット,4
2022-11-20,2022-11-20 11:00:00,シティリーグ,シティリーグ2023 シーズン1 オープンリーグ,TSUTAYA西友町田店,東京都,31791,/event/detail/31791/result,2,0023891733,もみぢ,9LnQLL-Yqa3Zu-n6NnnL,41421,いれかえカート,1
2022-11-20,2022-11-20 11:00:00,シティリーグ,シティリーグ2023 シーズン1 オープンリーグ,TSUTAYA西友町田店,東京都,31791,/event/detail/31791/result,2,0023891733,もみぢ,9LnQLL-Yqa3Zu-n6NnnL,41896,ミラージュゲート,4
2022-11-20,2022-11-20 11:00:00,シティリーグ,シティリーグ2023 シーズン1 オープンリーグ,TSUTAYA西友町田店,東京都,31791,/event/detail/31791/result,2,0023891733,もみぢ,9LnQLL-Yqa3Zu-n6NnnL,39192,エネルギーリサイクル,2
2022-11-20,2022-11-20 11:00:00,シティリーグ,シティリーグ2023 シーズン1 オープンリーグ,TSUTAYA西友町田店,東京都,31791,/event/detail/31791/result,2,0023891733,もみぢ,9LnQLL-Yqa3Zu-n6NnnL,40288,ふつうのつりざお,2
2022-11-20,2022-11-20 11:00:00,シティリーグ,シティリーグ2023 シーズン1 オープンリーグ,TSUTAYA西友町田店,東京都,31791,/event/detail/31791/result,2,0023891733,もみぢ,9LnQLL-Yqa3Zu-n6NnnL,40289,やまびこホーン,1
2022-11-20,2022-11-20 11:00:00,シティリーグ,シティリーグ2023 シーズン1 オープンリーグ,TSUTAYA西友町田店,東京都,31791,/event/detail/31791/result,2,0023891733,もみぢ,9LnQLL-Yqa3Zu-n6NnnL,40295,望遠スコープ,1
2022-11-20,2022-11-20 11:00:00,シティリーグ,シティリーグ2023 シーズン1 オープンリーグ,TSUTAYA西友町田店,東京都,31791,/event/detail/31791/result,2,0023891733,もみぢ,9LnQLL-Yqa3Zu-n6NnnL,40832,あなぬけのヒモ,3
2022-11-20,2022-11-20 11:00:00,シティリーグ,シティリーグ2023 シーズン1 オープンリーグ,TSUTAYA西友町田店,東京都,31791,/event/detail/31791/result,2,0023891733,もみぢ,9LnQLL-Yqa3Zu-n6NnnL,40294,ふうせん,1
2022-11-20,2022-11-20 11:00:00,シティリーグ,シティリーグ2023 シーズン1 オープンリーグ,TSUTAYA西友町田店,東京都,31791,/event/detail/31791/result,2,0023891733,もみぢ,9LnQLL-Yqa3Zu-n6NnnL,41294,キャンセルコロン,1
2022-11-20,2022-11-20 11:00:00,シティリーグ,シティリーグ2023 シーズン1 オープンリーグ,TSUTAYA西友町田店,東京都,31791,/event/detail/31791/result,2,0023891733,もみぢ,9LnQLL-Yqa3Zu-n6NnnL,40307,ボスの指令（フラダリ）,2
2022-11-20,2022-11-20 11:00:00,シティリーグ,シティリーグ2023 シーズン1 オープンリーグ,TSUTAYA西友町田店,東京都,31791,/event/detail/31791/result,2,0023891733,もみぢ,9LnQLL-Yqa3Zu-n6NnnL,42088,アクロマの実験,4
2022-11-20,2022-11-20 11:00:00,シティリーグ,シティリーグ2023 シーズン1 オープンリーグ,TSUTAYA西友町田店,東京都,31791,/event/detail/31791/result,2,0023891733,もみぢ,9LnQLL-Yqa3Zu-n6NnnL,40472,クララ,1
2022-11-20,2022-11-20 11:00:00,シティリーグ,シティリーグ2023 シーズン1 オープンリーグ,TSUTAYA西友町田店,東京都,31791,/event/detail/31791/result,2,0023891733,もみぢ,9LnQLL-Yqa3Zu-n6NnnL,38825,トレーニングコート,1
2022-11-20,2022-11-20 11:00:00,シティリーグ,シティリーグ2023 シーズン1 オープンリーグ,TSUTAYA西友町田店,東京都,31791,/event/detail/31791/result,2,0023891733,もみぢ,9LnQLL-Yqa3Zu-n6NnnL,40486,基本水エネルギー,7
2022-11-20,2022-11-20 11:00:00,シティリーグ,シティリーグ2023 シーズン1 オープンリーグ,TSUTAYA西友町田店,東京都,31791,/event/detail/31791/result,2,0023891733,もみぢ,9LnQLL-Yqa3Zu-n6NnnL,40488,基本超エネルギー,5
2022-11-20,2022-11-20 11:00:00,シティリーグ,シティリーグ2023 シーズン1 オープンリーグ,TSUTAYA西友町田店,東京都,31791,/event/detail/31791/result,2,0023891733,もみぢ,9LnQLL-Yqa3Zu-n6NnnL,40331,キャプチャーエネルギー,1
2022-11-20,2022-11-20 11:00:00,シティリーグ,シティリーグ2023 シーズン1 オープンリーグ,TSUTAYA西友町田店,東京都,31791,/event/detail/31791/result,3,0015232935,なつあかね,yMySM2-rwnaqC-3yMpy2,41983,アローラロコンV,4
2022-11-20,2022-11-20 11:00:00,シティリーグ,シティリーグ2023 シーズン1 オープンリーグ,TSUTAYA西友町田店,東京都,31791,/event/detail/31791/result,3,0015232935,なつあかね,yMySM2-rwnaqC-3yMpy2,41984,アローラロコンVSTAR,4
2022-11-20,2022-11-20 11:00:00,シティリーグ,シティリーグ2023 シーズン1 オープンリーグ,TSUTAYA西友町田店,東京都,31791,/event/detail/31791/result,3,0015232935,なつあかね,yMySM2-rwnaqC-3yMpy2,39570,クイックボール,4
2022-11-20,2022-11-20 11:00:00,シティリーグ,シティリーグ2023 シーズン1 オープンリーグ,TSUTAYA西友町田店,東京都,31791,/event/detail/31791/result,3,0015232935,なつあかね,yMySM2-rwnaqC-3yMpy2,41935,ハイパーボール,4
2022-11-20,2022-11-20 11:00:00,シティリーグ,シティリーグ2023 シーズン1 オープンリーグ,TSUTAYA西友町田店,東京都,31791,/event/detail/31791/result,3,0015232935,なつあかね,yMySM2-rwnaqC-3yMpy2,42067,キャプチャーアロマ,2
2022-11-20,2022-11-20 11:00:00,シティリーグ,シティリーグ2023 シーズン1 オープンリーグ,TSUTAYA西友町田店,東京都,31791,/event/detail/31791/result,3,0015232935,なつあかね,yMySM2-rwnaqC-3yMpy2,39505,たっぷりバケツ,2
2022-11-20,2022-11-20 11:00:00,シティリーグ,シティリーグ2023 シーズン1 オープンリーグ,TSUTAYA西友町田店,東京都,31791,/event/detail/31791/result,3,0015232935,なつあかね,yMySM2-rwnaqC-3yMpy2,38473,モーモーチーズ,1
2022-11-20,2022-11-20 11:00:00,シティリーグ,シティリーグ2023 シーズン1 オープンリーグ,TSUTAYA西友町田店,東京都,31791,/event/detail/31791/result,3,0015232935,なつあかね,yMySM2-rwnaqC-3yMpy2,40469,やまびこホーン,1
2022-11-20,2022-11-20 11:00:00,シティリーグ,シティリーグ2023 シーズン1 オープンリーグ,TSUTAYA西友町田店,東京都,31791,/event/detail/31791/result,3,0015232935,なつあかね,yMySM2-rwnaqC-3yMpy2,38808,ツールスクラッパー,1
2022-11-20,2022-11-20 11:00:00,シティリーグ,シティリーグ2023 シーズン1 オープンリーグ,TSUTAYA西友町田店,東京都,31791,/event/detail/31791/result,3,0015232935,なつあかね,yMySM2-rwnaqC-3yMpy2,40462,クラッシュハンマー,4
2022-11-20,2022-11-20 11:00:00,シティリーグ,シティリーグ2023 シーズン1 オープンリーグ,TSUTAYA西友町田店,東京都,31791,/event/detail/31791/result,3,0015232935,なつあかね,yMySM2-rwnaqC-3yMpy2,39572,ポケギア3.0,3
2022-11-20,2022-11-20 11:00:00,シティリーグ,シティリーグ2023 シーズン1 オープンリーグ,TSUTAYA西友町田店,東京都,31791,/event/detail/31791/result,3,0015232935,なつあかね,yMySM2-rwnaqC-3yMpy2,38128,ビッグパラソル,4
2022-11-20,2022-11-20 11:00:00,シティリーグ,シティリーグ2023 シーズン1 オープンリーグ,TSUTAYA西友町田店,東京都,31791,/event/detail/31791/result,3,0015232935,なつあかね,yMySM2-rwnaqC-3yMpy2,39537,メロン,4
2022-11-20,2022-11-20 11:00:00,シティリーグ,シティリーグ2023 シーズン1 オープンリーグ,TSUTAYA西友町田店,東京都,31791,/event/detail/31791/result,3,0015232935,なつあかね,yMySM2-rwnaqC-3yMpy2,38930,マリィ,3
2022-11-20,2022-11-20 11:00:00,シティリーグ,シティリーグ2023 シーズン1 オープンリーグ,TSUTAYA西友町田店,東京都,31791,/event/detail/31791/result,3,0015232935,なつあかね,yMySM2-rwnaqC-3yMpy2,41094,博士の研究（アララギ博士）,2
2022-11-20,2022-11-20 11:00:00,シティリーグ,シティリーグ2023 シーズン1 オープンリーグ,TSUTAYA西友町田店,東京都,31791,/event/detail/31791/result,3,0015232935,なつあかね,yMySM2-rwnaqC-3yMpy2,41096,ボスの指令（フラダリ）,2
2022-11-20,2022-11-20 11:00:00,シティリーグ,シティリーグ2023 シーズン1 オープンリーグ,TSUTAYA西友町田店,東京都,31791,/event/detail/31791/result,3,0015232935,なつあかね,yMySM2-rwnaqC-3yMpy2,41639,エイチ湖,2
2022-11-20,2022-11-20 11:00:00,シティリーグ,シティリーグ2023 シーズン1 オープンリーグ,TSUTAYA西友町田店,東京都,31791,/event/detail/31791/result,3,0015232935,なつあかね,yMySM2-rwnaqC-3yMpy2,41903,ロストシティ,1
2022-11-20,2022-11-20 11:00:00,シティリーグ,シティリーグ2023 シーズン1 オープンリーグ,TSUTAYA西友町田店,東京都,31791,/event/detail/31791/result,3,0015232935,なつあかね,yMySM2-rwnaqC-3yMpy2,42074,ダブルターボエネルギー,4
2022-11-20,2022-11-20 11:00:00,シティリーグ,シティリーグ2023 シーズン1 オープンリーグ,TSUTAYA西友町田店,東京都,31791,/event/detail/31791/result,3,0015232935,なつあかね,yMySM2-rwnaqC-3yMpy2,40486,基本水エネルギー,8
2022-11-20,2022-11-20 11:00:00,シティリーグ,シティリーグ2023 シーズン1 オープンリーグ,TSUTAYA西友町田店,東京都,31791,/event/detail/31791/result,3,0003496013,マサキ,LnLgHn-iABL8c-innggL,41853,キュワワー,4
2022-11-20,2022-11-20 11:00:00,シティリーグ,シティリーグ2023 シーズン1 オープンリーグ,TSUTAYA西友町田店,東京都,31791,/event/detail/31791/result,3,0003496013,マサキ,LnLgHn-iABL8c-innggL,41837,ウッウ,2
2022-11-20,2022-11-20 11:00:00,シティリーグ,シティリーグ2023 シーズン1 オープンリーグ,TSUTAYA西友町田店,東京都,31791,/event/detail/31791/result,3,0003496013,マサキ,LnLgHn-iABL8c-innggL,41848,ヤミラミ,3
2022-11-20,2022-11-20 11:00:00,シティリーグ,シティリーグ2023 シーズン1 オープンリーグ,TSUTAYA西友町田店,東京都,31791,/event/detail/31791/result,3,0003496013,マサキ,LnLgHn-iABL8c-innggL,40933,マナフィ,2
2022-11-20,2022-11-20 11:00:00,シティリーグ,シティリーグ2023 シーズン1 オープンリーグ,TSUTAYA西友町田店,東京都,31791,/event/detail/31791/result,3,0003496013,マサキ,LnLgHn-iABL8c-innggL,41692,かがやくリザードン,1
2022-11-20,2022-11-20 11:00:00,シティリーグ,シティリーグ2023 シーズン1 オープンリーグ,TSUTAYA西友町田店,東京都,31791,/event/detail/31791/result,3,0003496013,マサキ,LnLgHn-iABL8c-innggL,40253,ガラル ジグザグマ,1
2022-11-20,2022-11-20 11:00:00,シティリーグ,シティリーグ2023 シーズン1 オープンリーグ,TSUTAYA西友町田店,東京都,31791,/event/detail/31791/result,3,0003496013,マサキ,LnLgHn-iABL8c-innggL,41870,ドラピオンV,1
2022-11-20,2022-11-20 11:00:00,シティリーグ,シティリーグ2023 シーズン1 オープンリーグ,TSUTAYA西友町田店,東京都,31791,/event/detail/31791/result,3,0003496013,マサキ,LnLgHn-iABL8c-innggL,41331,クイックボール,1
2022-11-20,2022-11-20 11:00:00,シティリーグ,シティリーグ2023 シーズン1 オープンリーグ,TSUTAYA西友町田店,東京都,31791,/event/detail/31791/result,3,0003496013,マサキ,LnLgHn-iABL8c-innggL,41490,ヒスイのヘビーボール,1
2022-11-20,2022-11-20 11:00:00,シティリーグ,シティリーグ2023 シーズン1 オープンリーグ,TSUTAYA西友町田店,東京都,31791,/event/detail/31791/result,3,0003496013,マサキ,LnLgHn-iABL8c-innggL,40284,霧の水晶,2
2022-11-20,2022-11-20 11:00:00,シティリーグ,シティリーグ2023 シーズン1 オープンリーグ,TSUTAYA西友町田店,東京都,31791,/event/detail/31791/result,3,0003496013,マサキ,LnLgHn-iABL8c-innggL,40053,バトルVIPパス,4
2022-11-20,2022-11-20 11:00:00,シティリーグ,シティリーグ2023 シーズン1 オープンリーグ,TSUTAYA西友町田店,東京都,31791,/event/detail/31791/result,3,0003496013,マサキ,LnLgHn-iABL8c-innggL,40282,回収ネット,4
2022-11-20,2022-11-20 11:00:00,シティリーグ,シティリーグ2023 シーズン1 オープンリーグ,TSUTAYA西友町田店,東京都,31791,/event/detail/31791/result,3,0003496013,マサキ,LnLgHn-iABL8c-innggL,40052,クロススイッチャー,4
2022-11-20,2022-11-20 11:00:00,シティリーグ,シティリーグ2023 シーズン1 オープンリーグ,TSUTAYA西友町田店,東京都,31791,/event/detail/31791/result,3,0003496013,マサキ,LnLgHn-iABL8c-innggL,36398,あなぬけのヒモ,4
2022-11-20,2022-11-20 11:00:00,シティリーグ,シティリーグ2023 シーズン1 オープンリーグ,TSUTAYA西友町田店,東京都,31791,/event/detail/31791/result,3,0003496013,マサキ,LnLgHn-iABL8c-innggL,41421,いれかえカート,2
2022-11-20,2022-11-20 11:00:00,シティリーグ,シティリーグ2023 シーズン1 オープンリーグ,TSUTAYA西友町田店,東京都,31791,/event/detail/31791/result,3,0003496013,マサキ,LnLgHn-iABL8c-innggL,40289,やまびこホーン,1
2022-11-20,2022-11-20 11:00:00,シティリーグ,シティリーグ2023 シーズン1 オープンリーグ,TSUTAYA西友町田店,東京都,31791,/event/detail/31791/result,3,0003496013,マサキ,LnLgHn-iABL8c-innggL,41897,ロストスイーパー,1
2022-11-20,2022-11-20 11:00:00,シティリーグ,シティリーグ2023 シーズン1 オープンリーグ,TSUTAYA西友町田店,東京都,31791,/event/detail/31791/result,3,0003496013,マサキ,LnLgHn-iABL8c-innggL,36439,ともだちてちょう,1
2022-11-20,2022-11-20 11:00:00,シティリーグ,シティリーグ2023 シーズン1 オープンリーグ,TSUTAYA西友町田店,東京都,31791,/event/detail/31791/result,3,0003496013,マサキ,LnLgHn-iABL8c-innggL,41334,ポケギア3.0,1
2022-11-20,2022-11-20 11:00:00,シティリーグ,シティリーグ2023 シーズン1 オープンリーグ,TSUTAYA西友町田店,東京都,31791,/event/detail/31791/result,3,0003496013,マサキ,LnLgHn-iABL8c-innggL,40294,ふうせん,1
2022-11-20,2022-11-20 11:00:00,シティリーグ,シティリーグ2023 シーズン1 オープンリーグ,TSUTAYA西友町田店,東京都,31791,/event/detail/31791/result,3,0003496013,マサキ,LnLgHn-iABL8c-innggL,40992,こだわりベルト,2
2022-11-20,2022-11-20 11:00:00,シティリーグ,シティリーグ2023 シーズン1 オープンリーグ,TSUTAYA西友町田店,東京都,31791,/event/detail/31791/result,3,0003496013,マサキ,LnLgHn-iABL8c-innggL,41899,アクロマの実験,4
2022-11-20,2022-11-20 11:00:00,シティリーグ,シティリーグ2023 シーズン1 オープンリーグ,TSUTAYA西友町田店,東京都,31791,/event/detail/31791/result,3,0003496013,マサキ,LnLgHn-iABL8c-innggL,40859,クララ,2
2022-11-20,2022-11-20 11:00:00,シティリーグ,シティリーグ2023 シーズン1 オープンリーグ,TSUTAYA西友町田店,東京都,31791,/event/detail/31791/result,3,0003496013,マサキ,LnLgHn-iABL8c-innggL,41296,ツツジ,1
2022-11-20,2022-11-20 11:00:00,シティリーグ,シティリーグ2023 シーズン1 オープンリーグ,TSUTAYA西友町田店,東京都,31791,/event/detail/31791/result,3,0003496013,マサキ,LnLgHn-iABL8c-innggL,39934,キバナ,1
2022-11-20,2022-11-20 11:00:00,シティリーグ,シティリーグ2023 シーズン1 オープンリーグ,TSUTAYA西友町田店,東京都,31791,/event/detail/31791/result,3,0003496013,マサキ,LnLgHn-iABL8c-innggL,41001,マグマの滝壺,1
2022-11-20,2022-11-20 11:00:00,シティリーグ,シティリーグ2023 シーズン1 オープンリーグ,TSUTAYA西友町田店,東京都,31791,/event/detail/31791/result,3,0003496013,マサキ,LnLgHn-iABL8c-innggL,41495,シンオウ神殿,2
2022-11-20,2022-11-20 11:00:00,シティリーグ,シティリーグ2023 シーズン1 オープンリーグ,TSUTAYA西友町田店,東京都,31791,/event/detail/31791/result,3,0003496013,マサキ,LnLgHn-iABL8c-innggL,40095,基本超エネルギー,4
2022-11-20,2022-11-20 11:00:00,シティリーグ,シティリーグ2023 シーズン1 オープンリーグ,TSUTAYA西友町田店,東京都,31791,/event/detail/31791/result,3,0003496013,マサキ,LnLgHn-iABL8c-innggL,41754,基本炎エネルギー,2
2022-11-20,2022-11-20 11:00:00,シティリーグ,シティリーグ2023 シーズン1 オープンリーグ,TSUTAYA西友町田店,東京都,31791,/event/detail/31791/result,5,0030959129,Saku,LLiHn6-4CPdvw-n6LLQQ,42221,レジエレキV,3
2022-11-20,2022-11-20 11:00:00,シティリーグ,シティリーグ2023 シーズン1 オープンリーグ,TSUTAYA西友町田店,東京都,31791,/event/detail/31791/result,5,0030959129,Saku,LLiHn6-4CPdvw-n6LLQQ,42126,レジエレキVMAX,3
2022-11-20,2022-11-20 11:00:00,シティリーグ,シティリーグ2023 シーズン1 オープンリーグ,TSUTAYA西友町田店,東京都,31791,/event/detail/31791/result,5,0030959129,Saku,LLiHn6-4CPdvw-n6LLQQ,41927,ネオラントV,1
2022-11-20,2022-11-20 11:00:00,シティリーグ,シティリーグ2023 シーズン1 オープンリーグ,TSUTAYA西友町田店,東京都,31791,/event/detail/31791/result,5,0030959129,Saku,LLiHn6-4CPdvw-n6LLQQ,38087,クワガノンV,2
2022-11-20,2022-11-20 11:00:00,シティリーグ,シティリーグ2023 シーズン1 オープンリーグ,TSUTAYA西友町田店,東京都,31791,/event/detail/31791/result,5,0030959129,Saku,LLiHn6-4CPdvw-n6LLQQ,40620,ライコウV,2
2022-11-20,2022-11-20 11:00:00,シティリーグ,シティリーグ2023 シーズン1 オープンリーグ,TSUTAYA西友町田店,東京都,31791,/event/detail/31791/result,5,0030959129,Saku,LLiHn6-4CPdvw-n6LLQQ,41212,かがやくゲッコウガ,1
2022-11-20,2022-11-20 11:00:00,シティリーグ,シティリーグ2023 シーズン1 オープンリーグ,TSUTAYA西友町田店,東京都,31791,/event/detail/31791/result,5,0030959129,Saku,LLiHn6-4CPdvw-n6LLQQ,41331,クイックボール,4
2022-11-20,2022-11-20 11:00:00,シティリーグ,シティリーグ2023 シーズン1 オープンリーグ,TSUTAYA西友町田店,東京都,31791,/event/detail/31791/result,5,0030959129,Saku,LLiHn6-4CPdvw-n6LLQQ,40843,ハイパーボール,3
2022-11-20,2022-11-20 11:00:00,シティリーグ,シティリーグ2023 シーズン1 オープンリーグ,TSUTAYA西友町田店,東京都,31791,/event/detail/31791/result,5,0030959129,Saku,LLiHn6-4CPdvw-n6LLQQ,40053,バトルVIPパス,3
2022-11-20,2022-11-20 11:00:00,シティリーグ,シティリーグ2023 シーズン1 オープンリーグ,TSUTAYA西友町田店,東京都,31791,/event/detail/31791/result,5,0030959129,Saku,LLiHn6-4CPdvw-n6LLQQ,41490,ヒスイのヘビーボール,1
2022-11-20,2022-11-20 11:00:00,シティリーグ,シティリーグ2023 シーズン1 オープンリーグ,TSUTAYA西友町田店,東京都,31791,/event/detail/31791/result,5,0030959129,Saku,LLiHn6-4CPdvw-n6LLQQ,41422,トレッキングシューズ,3
2022-11-20,2022-11-20 11:00:00,シティリーグ,シティリーグ2023 シーズン1 オープンリーグ,TSUTAYA西友町田店,東京都,31791,/event/detail/31791/result,5,0030959129,Saku,LLiHn6-4CPdvw-n6LLQQ,40835,エネルギー転送,1
2022-11-20,2022-11-20 11:00:00,シティリーグ,シティリーグ2023 シーズン1 オープンリーグ,TSUTAYA西友町田店,東京都,31791,/event/detail/31791/result,5,0030959129,Saku,LLiHn6-4CPdvw-n6LLQQ,41897,ロストスイーパー,1
2022-11-20,2022-11-20 11:00:00,シティリーグ,シティリーグ2023 シーズン1 オープンリーグ,TSUTAYA西友町田店,東京都,31791,/event/detail/31791/result,5,0030959129,Saku,LLiHn6-4CPdvw-n6LLQQ,41421,いれかえカート,1
2022-11-20,2022-11-20 11:00:00,シティリーグ,シティリーグ2023 シーズン1 オープンリーグ,TSUTAYA西友町田店,東京都,31791,/event/detail/31791/result,5,0030959129,Saku,LLiHn6-4CPdvw-n6LLQQ,40832,あなぬけのヒモ,1
2022-11-20,2022-11-20 11:00:00,シティリーグ,シティリーグ2023 シーズン1 オープンリーグ,TSUTAYA西友町田店,東京都,31791,/event/detail/31791/result,5,0030959129,Saku,LLiHn6-4CPdvw-n6LLQQ,41126,ふうせん,1
2022-11-20,2022-11-20 11:00:00,シティリーグ,シティリーグ2023 シーズン1 オープンリーグ,TSUTAYA西友町田店,東京都,31791,/event/detail/31791/result,5,0030959129,Saku,LLiHn6-4CPdvw-n6LLQQ,40292,タフネスマント,1
2022-11-20,2022-11-20 11:00:00,シティリーグ,シティリーグ2023 シーズン1 オープンリーグ,TSUTAYA西友町田店,東京都,31791,/event/detail/31791/result,5,0030959129,Saku,LLiHn6-4CPdvw-n6LLQQ,41313,こだわりベルト,1
2022-11-20,2022-11-20 11:00:00,シティリーグ,シティリーグ2023 シーズン1 オープンリーグ,TSUTAYA西友町田店,東京都,31791,/event/detail/31791/result,5,0030959129,Saku,LLiHn6-4CPdvw-n6LLQQ,42184,森の封印石,2
2022-11-20,2022-11-20 11:00:00,シティリーグ,シティリーグ2023 シーズン1 オープンリーグ,TSUTAYA西友町田店,東京都,31791,/event/detail/31791/result,5,0030959129,Saku,LLiHn6-4CPdvw-n6LLQQ,36954,エネルギー回収,1
2022-11-20,2022-11-20 11:00:00,シティリーグ,シティリーグ2023 シーズン1 オープンリーグ,TSUTAYA西友町田店,東京都,31791,/event/detail/31791/result,5,0030959129,Saku,LLiHn6-4CPdvw-n6LLQQ,40876,メロン,4
2022-11-20,2022-11-20 11:00:00,シティリーグ,シティリーグ2023 シーズン1 オープンリーグ,TSUTAYA西友町田店,東京都,31791,/event/detail/31791/result,5,0030959129,Saku,LLiHn6-4CPdvw-n6LLQQ,41131,マリィ,2
2022-11-20,2022-11-20 11:00:00,シティリーグ,シティリーグ2023 シーズン1 オープンリーグ,TSUTAYA西友町田店,東京都,31791,/event/detail/31791/result,5,0030959129,Saku,LLiHn6-4CPdvw-n6LLQQ,41127,キバナ,1
2022-11-20,2022-11-20 11:00:00,シティリーグ,シティリーグ2023 シーズン1 オープンリーグ,TSUTAYA西友町田店,東京都,31791,/event/detail/31791/result,5,0030959129,Saku,LLiHn6-4CPdvw-n6LLQQ,41340,ボスの指令（アカギ）,3
2022-11-20,2022-11-20 11:00:00,シティリーグ,シティリーグ2023 シーズン1 オープンリーグ,TSUTAYA西友町田店,東京都,31791,/event/detail/31791/result,5,0030959129,Saku,LLiHn6-4CPdvw-n6LLQQ,41752,ポケストップ,2
2022-11-20,2022-11-20 11:00:00,シティリーグ,シティリーグ2023 シーズン1 オープンリーグ,TSUTAYA西友町田店,東京都,31791,/event/detail/31791/result,5,0030959129,Saku,LLiHn6-4CPdvw-n6LLQQ,42257,基本雷エネルギー,3
2022-11-20,2022-11-20 11:00:00,シティリーグ,シティリーグ2023 シーズン1 オープンリーグ,TSUTAYA西友町田店,東京都,31791,/event/detail/31791/result,5,0030959129,Saku,LLiHn6-4CPdvw-n6LLQQ,40323,スピード雷エネルギー,4
2022-11-20,2022-11-20 11:00:00,シティリーグ,シティリーグ2023 シーズン1 オープンリーグ,TSUTAYA西友町田店,東京都,31791,/event/detail/31791/result,5,0030959129,Saku,LLiHn6-4CPdvw-n6LLQQ,41146,基本水エネルギー,5
2022-11-20,2022-11-20 11:00:00,シティリーグ,シティリーグ2023 シーズン1 オープンリーグ,TSUTAYA西友町田店,東京都,31791,/event/detail/31791/result,5,0001515530,もりげん,c8xcYx-v4QaZ5-88cY4x,40986,アルセウスVSTAR,2
2022-11-20,2022-11-20 11:00:00,シティリーグ,シティリーグ2023 シーズン1 オープンリーグ,TSUTAYA西友町田店,東京都,31791,/event/detail/31791/result,5,0001515530,もりげん,c8xcYx-v4QaZ5-88cY4x,40985,アルセウスV,3
2022-11-20,2022-11-20 11:00:00,シティリーグ,シティリーグ2023 シーズン1 オープンリーグ,TSUTAYA西友町田店,東京都,31791,/event/detail/31791/result,5,0001515530,もりげん,c8xcYx-v4QaZ5-88cY4x,39718,ジュラルドンVMAX,3
2022-11-20,2022-11-20 11:00:00,シティリーグ,シティリーグ2023 シーズン1 オープンリーグ,TSUTAYA西友町田店,東京都,31791,/event/detail/31791/result,5,0001515530,もりげん,c8xcYx-v4QaZ5-88cY4x,38345,ジュラルドンV,2
2022-11-20,2022-11-20 11:00:00,シティリーグ,シティリーグ2023 シーズン1 オープンリーグ,TSUTAYA西友町田店,東京都,31791,/event/detail/31791/result,5,0001515530,もりげん,c8xcYx-v4QaZ5-88cY4x,41117,クイックボール,3
2022-11-20,2022-11-20 11:00:00,シティリーグ,シティリーグ2023 シーズン1 オープンリーグ,TSUTAYA西友町田店,東京都,31791,/event/detail/31791/result,5,0001515530,もりげん,c8xcYx-v4QaZ5-88cY4x,35922,ハイパーボール,4
2022-11-20,2022-11-20 11:00:00,シティリーグ,シティリーグ2023 シーズン1 オープンリーグ,TSUTAYA西友町田店,東京都,31791,/event/detail/31791/result,5,0001515530,もりげん,c8xcYx-v4QaZ5-88cY4x,41118,しんかのおこう,1
2022-11-20,2022-11-20 11:00:00,シティリーグ,シティリーグ2023 シーズン1 オープンリーグ,TSUTAYA西友町田店,東京都,31791,/event/detail/31791/result,5,0001515530,もりげん,c8xcYx-v4QaZ5-88cY4x,35924,ポケモンいれかえ,1
2022-11-20,2022-11-20 11:00:00,シティリーグ,シティリーグ2023 シーズン1 オープンリーグ,TSUTAYA西友町田店,東京都,31791,/event/detail/31791/result,5,0001515530,もりげん,c8xcYx-v4QaZ5-88cY4x,36021,あなぬけのヒモ,1
2022-11-20,2022-11-20 11:00:00,シティリーグ,シティリーグ2023 シーズン1 オープンリーグ,TSUTAYA西友町田店,東京都,31791,/event/detail/31791/result,5,0001515530,もりげん,c8xcYx-v4QaZ5-88cY4x,37663,すごいきずぐすり,2
2022-11-20,2022-11-20 11:00:00,シティリーグ,シティリーグ2023 シーズン1 オープンリーグ,TSUTAYA西友町田店,東京都,31791,/event/detail/31791/result,5,0001515530,もりげん,c8xcYx-v4QaZ5-88cY4x,41422,トレッキングシューズ,3
2022-11-20,2022-11-20 11:00:00,シティリーグ,シティリーグ2023 シーズン1 オープンリーグ,TSUTAYA西友町田店,東京都,31791,/event/detail/31791/result,5,0001515530,もりげん,c8xcYx-v4QaZ5-88cY4x,34436,ともだちてちょう,1
2022-11-20,2022-11-20 11:00:00,シティリーグ,シティリーグ2023 シーズン1 オープンリーグ,TSUTAYA西友町田店,東京都,31791,/event/detail/31791/result,5,0001515530,もりげん,c8xcYx-v4QaZ5-88cY4x,37664,ふつうのつりざお,1
2022-11-20,2022-11-20 11:00:00,シティリーグ,シティリーグ2023 シーズン1 オープンリーグ,TSUTAYA西友町田店,東京都,31791,/event/detail/31791/result,5,0001515530,もりげん,c8xcYx-v4QaZ5-88cY4x,38128,ビッグパラソル,2
2022-11-20,2022-11-20 11:00:00,シティリーグ,シティリーグ2023 シーズン1 オープンリーグ,TSUTAYA西友町田店,東京都,31791,/event/detail/31791/result,5,0001515530,もりげん,c8xcYx-v4QaZ5-88cY4x,37666,大きなおまもり,1
2022-11-20,2022-11-20 11:00:00,シティリーグ,シティリーグ2023 シーズン1 オープンリーグ,TSUTAYA西友町田店,東京都,31791,/event/detail/31791/result,5,0001515530,もりげん,c8xcYx-v4QaZ5-88cY4x,37669,博士の研究（マグノリア博士）,1
2022-11-20,2022-11-20 11:00:00,シティリーグ,シティリーグ2023 シーズン1 オープンリーグ,TSUTAYA西友町田店,東京都,31791,/event/detail/31791/result,5,0001515530,もりげん,c8xcYx-v4QaZ5-88cY4x,41899,アクロマの実験,3
2022-11-20,2022-11-20 11:00:00,シティリーグ,シティリーグ2023 シーズン1 オープンリーグ,TSUTAYA西友町田店,東京都,31791,/event/detail/31791/result,5,0001515530,もりげん,c8xcYx-v4QaZ5-88cY4x,37729,マリィ,3
2022-11-20,2022-11-20 11:00:00,シティリーグ,シティリーグ2023 シーズン1 オープンリーグ,TSUTAYA西友町田店,東京都,31791,/event/detail/31791/result,5,0001515530,もりげん,c8xcYx-v4QaZ5-88cY4x,41130,ボスの指令（アカギ）,3
2022-11-20,2022-11-20 11:00:00,シティリーグ,シティリーグ2023 シーズン1 オープンリーグ,TSUTAYA西友町田店,東京都,31791,/event/detail/31791/result,5,0001515530,もりげん,c8xcYx-v4QaZ5-88cY4x,41127,キバナ,1
2022-11-20,2022-11-20 11:00:00,シティリーグ,シティリーグ2023 シーズン1 オープンリーグ,TSUTAYA西友町田店,東京都,31791,/event/detail/31791/result,5,0001515530,もりげん,c8xcYx-v4QaZ5-88cY4x,39333,カリンの信念,1
2022-11-20,2022-11-20 11:00:00,シティリーグ,シティリーグ2023 シーズン1 オープンリーグ,TSUTAYA西友町田店,東京都,31791,/event/detail/31791/result,5,0001515530,もりげん,c8xcYx-v4QaZ5-88cY4x,39128,マスタード いちげきのかた,1
2022-11-20,2022-11-20 11:00:00,シティリーグ,シティリーグ2023 シーズン1 オープンリーグ,TSUTAYA西友町田店,東京都,31791,/event/detail/31791/result,5,0001515530,もりげん,c8xcYx-v4QaZ5-88cY4x,39129,あくの塔,4
2022-11-20,2022-11-20 11:00:00,シティリーグ,シティリーグ2023 シーズン1 オープンリーグ,TSUTAYA西友町田店,東京都,31791,/event/detail/31791/result,5,0001515530,もりげん,c8xcYx-v4QaZ5-88cY4x,41002,ダブルターボエネルギー,4
2022-11-20,2022-11-20 11:00:00,シティリーグ,シティリーグ2023 シーズン1 オープンリーグ,TSUTAYA西友町田店,東京都,31791,/event/detail/31791/result,5,0001515530,もりげん,c8xcYx-v4QaZ5-88cY4x,37749,基本鋼エネルギー,6
2022-11-20,2022-11-20 11:00:00,シティリーグ,シティリーグ2023 シーズン1 オープンリーグ,TSUTAYA西友町田店,東京都,31791,/event/detail/31791/result,5,0001515530,もりげん,c8xcYx-v4QaZ5-88cY4x,37747,基本闘エネルギー,3
2022-11-20,2022-11-20 11:00:00,シティリーグ,シティリーグ2023 シーズン1 オープンリーグ,TSUTAYA西友町田店,東京都,31791,/event/detail/31791/result,5,0012486405,やよし,Mpyy2y-brK9U9-MMS3MM,42172,ルギアVSTAR,3
2022-11-20,2022-11-20 11:00:00,シティリーグ,シティリーグ2023 シーズン1 オープンリーグ,TSUTAYA西友町田店,東京都,31791,/event/detail/31791/result,5,0012486405,やよし,Mpyy2y-brK9U9-MMS3MM,42171,ルギアV,4
2022-11-20,2022-11-20 11:00:00,シティリーグ,シティリーグ2023 シーズン1 オープンリーグ,TSUTAYA西友町田店,東京都,31791,/event/detail/31791/result,5,0012486405,やよし,Mpyy2y-brK9U9-MMS3MM,42175,アーケオス,3
2022-11-20,2022-11-20 11:00:00,シティリーグ,シティリーグ2023 シーズン1 オープンリーグ,TSUTAYA西友町田店,東京都,31791,/event/detail/31791/result,5,0012486405,やよし,Mpyy2y-brK9U9-MMS3MM,41113,クロバットV,1
2022-11-20,2022-11-20 11:00:00,シティリーグ,シティリーグ2023 シーズン1 オープンリーグ,TSUTAYA西友町田店,東京都,31791,/event/detail/31791/result,5,0012486405,やよし,Mpyy2y-brK9U9-MMS3MM,41347,ネオラントV,1
2022-11-20,2022-11-20 11:00:00,シティリーグ,シティリーグ2023 シーズン1 オープンリーグ,TSUTAYA西友町田店,東京都,31791,/event/detail/31791/result,5,0012486405,やよし,Mpyy2y-brK9U9-MMS3MM,40818,ムーランドV,1
2022-11-20,2022-11-20 11:00:00,シティリーグ,シティリーグ2023 シーズン1 オープンリーグ,TSUTAYA西友町田店,東京都,31791,/event/detail/31791/result,5,0012486405,やよし,Mpyy2y-brK9U9-MMS3MM,41692,かがやくリザードン,1
2022-11-20,2022-11-20 11:00:00,シティリーグ,シティリーグ2023 シーズン1 オープンリーグ,TSUTAYA西友町田店,東京都,31791,/event/detail/31791/result,5,0012486405,やよし,Mpyy2y-brK9U9-MMS3MM,38762,イベルタル,1
2022-11-20,2022-11-20 11:00:00,シティリーグ,シティリーグ2023 シーズン1 オープンリーグ,TSUTAYA西友町田店,東京都,31791,/event/detail/31791/result,5,0012486405,やよし,Mpyy2y-brK9U9-MMS3MM,38421,ライコウ,1
2022-11-20,2022-11-20 11:00:00,シティリーグ,シティリーグ2023 シーズン1 オープンリーグ,TSUTAYA西友町田店,東京都,31791,/event/detail/31791/result,5,0012486405,やよし,Mpyy2y-brK9U9-MMS3MM,39685,バケッチャ,1
2022-11-20,2022-11-20 11:00:00,シティリーグ,シティリーグ2023 シーズン1 オープンリーグ,TSUTAYA西友町田店,東京都,31791,/event/detail/31791/result,5,0012486405,やよし,Mpyy2y-brK9U9-MMS3MM,40933,マナフィ,1
2022-11-20,2022-11-20 11:00:00,シティリーグ,シティリーグ2023 シーズン1 オープンリーグ,TSUTAYA西友町田店,東京都,31791,/event/detail/31791/result,5,0012486405,やよし,Mpyy2y-brK9U9-MMS3MM,40131,クイックボール,4
2022-11-20,2022-11-20 11:00:00,シティリーグ,シティリーグ2023 シーズン1 オープンリーグ,TSUTAYA西友町田店,東京都,31791,/event/detail/31791/result,5,0012486405,やよし,Mpyy2y-brK9U9-MMS3MM,42245,ハイパーボール,3
2022-11-20,2022-11-20 11:00:00,シティリーグ,シティリーグ2023 シーズン1 オープンリーグ,TSUTAYA西友町田店,東京都,31791,/event/detail/31791/result,5,0012486405,やよし,Mpyy2y-brK9U9-MMS3MM,39547,しんかのおこう,3
2022-11-20,2022-11-20 11:00:00,シティリーグ,シティリーグ2023 シーズン1 オープンリーグ,TSUTAYA西友町田店,東京都,31791,/event/detail/31791/result,5,0012486405,やよし,Mpyy2y-brK9U9-MMS3MM,41313,こだわりベルト,2
2022-11-20,2022-11-20 11:00:00,シティリーグ,シティリーグ2023 シーズン1 オープンリーグ,TSUTAYA西友町田店,東京都,31791,/event/detail/31791/result,5,0012486405,やよし,Mpyy2y-brK9U9-MMS3MM,39194,ツールジャマー,1
2022-11-20,2022-11-20 11:00:00,シティリーグ,シティリーグ2023 シーズン1 オープンリーグ,TSUTAYA西友町田店,東京都,31791,/event/detail/31791/result,5,0012486405,やよし,Mpyy2y-brK9U9-MMS3MM,41897,ロストスイーパー,1
2022-11-20,2022-11-20 11:00:00,シティリーグ,シティリーグ2023 シーズン1 オープンリーグ,TSUTAYA西友町田店,東京都,31791,/event/detail/31791/result,5,0012486405,やよし,Mpyy2y-brK9U9-MMS3MM,40068,博士の研究（オーキド博士）,2
2022-11-20,2022-11-20 11:00:00,シティリーグ,シティリーグ2023 シーズン1 オープンリーグ,TSUTAYA西友町田店,東京都,31791,/event/detail/31791/result,5,0012486405,やよし,Mpyy2y-brK9U9-MMS3MM,39554,マリィ,3
2022-11-20,2022-11-20 11:00:00,シティリーグ,シティリーグ2023 シーズン1 オープンリーグ,TSUTAYA西友町田店,東京都,31791,/event/detail/31791/result,5,0012486405,やよし,Mpyy2y-brK9U9-MMS3MM,40139,ボスの指令（サカキ）,2
2022-11-20,2022-11-20 11:00:00,シティリーグ,シティリーグ2023 シーズン1 オープンリーグ,TSUTAYA西友町田店,東京都,31791,/event/detail/31791/result,5,0012486405,やよし,Mpyy2y-brK9U9-MMS3MM,42025,セレナ,1
2022-11-20,2022-11-20 11:00:00,シティリーグ,シティリーグ2023 シーズン1 オープンリーグ,TSUTAYA西友町田店,東京都,31791,/event/detail/31791/result,5,0012486405,やよし,Mpyy2y-brK9U9-MMS3MM,39924,バーネット博士,1
2022-11-20,2022-11-20 11:00:00,シティリーグ,シティリーグ2023 シーズン1 オープンリーグ,TSUTAYA西友町田店,東京都,31791,/event/detail/31791/result,5,0012486405,やよし,Mpyy2y-brK9U9-MMS3MM,40304,とりつかい,1
2022-11-20,2022-11-20 11:00:00,シティリーグ,シティリーグ2023 シーズン1 オープンリーグ,TSUTAYA西友町田店,東京都,31791,/event/detail/31791/result,5,0012486405,やよし,Mpyy2y-brK9U9-MMS3MM,41000,崩れたスタジアム,1
2022-11-20,2022-11-20 11:00:00,シティリーグ,シティリーグ2023 シーズン1 オープンリーグ,TSUTAYA西友町田店,東京都,31791,/event/detail/31791/result,5,0012486405,やよし,Mpyy2y-brK9U9-MMS3MM,41903,ロストシティ,1
2022-11-20,2022-11-20 11:00:00,シティリーグ,シティリーグ2023 シーズン1 オープンリーグ,TSUTAYA西友町田店,東京都,31791,/event/detail/31791/result,5,0012486405,やよし,Mpyy2y-brK9U9-MMS3MM,40330,オーロラエネルギー,4
2022-11-20,2022-11-20 11:00:00,シティリーグ,シティリーグ2023 シーズン1 オープンリーグ,TSUTAYA西友町田店,東京都,31791,/event/detail/31791/result,5,0012486405,やよし,Mpyy2y-brK9U9-MMS3MM,41134,パワフル無色エネルギー,4
2022-11-20,2022-11-20 11:00:00,シティリーグ,シティリーグ2023 シーズン1 オープンリーグ,TSUTAYA西友町田店,東京都,31791,/event/detail/31791/result,5,0012486405,やよし,Mpyy2y-brK9U9-MMS3MM,40331,キャプチャーエネルギー,2
2022-11-20,2022-11-20 11:00:00,シティリーグ,シティリーグ2023 シーズン1 オープンリーグ,TSUTAYA西友町田店,東京都,31791,/event/detail/31791/result,5,0012486405,やよし,Mpyy2y-brK9U9-MMS3MM,42028,ダブルターボエネルギー,1
2022-11-20,2022-11-20 11:00:00,シティリーグ,シティリーグ2023 シーズン1 オープンリーグ,TSUTAYA西友町田店,東京都,31791,/event/detail/31791/result,5,0012486405,やよし,Mpyy2y-brK9U9-MMS3MM,40321,ヒート炎エネルギー,1
2022-11-20,2022-11-20 11:00:00,シティリーグ,シティリーグ2023 シーズン1 オープンリーグ,TSUTAYA西友町田店,東京都,31791,/event/detail/31791/result,5,0012486405,やよし,Mpyy2y-brK9U9-MMS3MM,40326,ハイド悪エネルギー,1
2022-11-20,2022-11-20 11:00:00,シティリーグ,シティリーグ2023 シーズン1 オープンリーグ,TSUTAYA西友町田店,東京都,31791,/event/detail/31791/result,5,0012486405,やよし,Mpyy2y-brK9U9-MMS3MM,40332,ツインエネルギー,1
2022-11-20,2022-11-20 11:00:00,シティリーグ,シティリーグ2023 シーズン1 オープンリーグ,TSUTAYA西友町田店,東京都,31791,/event/detail/31791/result,5,0012486405,やよし,Mpyy2y-brK9U9-MMS3MM,42029,Vガードエネルギー,1
2022-11-20,2022-11-20 11:00:00,シティリーグ,シティリーグ2023 シーズン1 オープンリーグ,TSUTAYA西友町田店,東京都,31791,/event/detail/31791/result,5,0012486405,やよし,Mpyy2y-brK9U9-MMS3MM,41904,ギフトエネルギー,1
2022-11-20,2022-11-20 11:00:00,シティリーグ,シティリーグ2023 シーズン1 オープンリーグ,TSUTAYA西友町田店,東京都,31791,/event/detail/31791/result,5,0000043917,まなぶ,yESyyy-P0KiMZ-MMypM3,42172,ルギアVSTAR,3
2022-11-20,2022-11-20 11:00:00,シティリーグ,シティリーグ2023 シーズン1 オープンリーグ,TSUTAYA西友町田店,東京都,31791,/event/detail/31791/result,5,0000043917,まなぶ,yESyyy-P0KiMZ-MMypM3,42171,ルギアV,3
2022-11-20,2022-11-20 11:00:00,シティリーグ,シティリーグ2023 シーズン1 オープンリーグ,TSUTAYA西友町田店,東京都,31791,/event/detail/31791/result,5,0000043917,まなぶ,yESyyy-P0KiMZ-MMypM3,42175,アーケオス,3
2022-11-20,2022-11-20 11:00:00,シティリーグ,シティリーグ2023 シーズン1 オープンリーグ,TSUTAYA西友町田店,東京都,31791,/event/detail/31791/result,5,0000043917,まなぶ,yESyyy-P0KiMZ-MMypM3,40817,ムーランドV,1
2022-11-20,2022-11-20 11:00:00,シティリーグ,シティリーグ2023 シーズン1 オープンリーグ,TSUTAYA西友町田店,東京都,31791,/event/detail/31791/result,5,0000043917,まなぶ,yESyyy-P0KiMZ-MMypM3,41692,かがやくリザードン,1
2022-11-20,2022-11-20 11:00:00,シティリーグ,シティリーグ2023 シーズン1 オープンリーグ,TSUTAYA西友町田店,東京都,31791,/event/detail/31791/result,5,0000043917,まなぶ,yESyyy-P0KiMZ-MMypM3,38421,ライコウ,1
2022-11-20,2022-11-20 11:00:00,シティリーグ,シティリーグ2023 シーズン1 オープンリーグ,TSUTAYA西友町田店,東京都,31791,/event/detail/31791/result,5,0000043917,まなぶ,yESyyy-P0KiMZ-MMypM3,38762,イベルタル,1
2022-11-20,2022-11-20 11:00:00,シティリーグ,シティリーグ2023 シーズン1 オープンリーグ,TSUTAYA西友町田店,東京都,31791,/event/detail/31791/result,5,0000043917,まなぶ,yESyyy-P0KiMZ-MMypM3,40932,ネオラントV,1
2022-11-20,2022-11-20 11:00:00,シティリーグ,シティリーグ2023 シーズン1 オープンリーグ,TSUTAYA西友町田店,東京都,31791,/event/detail/31791/result,5,0000043917,まなぶ,yESyyy-P0KiMZ-MMypM3,40933,マナフィ,1
2022-11-20,2022-11-20 11:00:00,シティリーグ,シティリーグ2023 シーズン1 オープンリーグ,TSUTAYA西友町田店,東京都,31791,/event/detail/31791/result,5,0000043917,まなぶ,yESyyy-P0KiMZ-MMypM3,40041,ノコッチ,1
2022-11-20,2022-11-20 11:00:00,シティリーグ,シティリーグ2023 シーズン1 オープンリーグ,TSUTAYA西友町田店,東京都,31791,/event/detail/31791/result,5,0000043917,まなぶ,yESyyy-P0KiMZ-MMypM3,41117,クイックボール,4
2022-11-20,2022-11-20 11:00:00,シティリーグ,シティリーグ2023 シーズン1 オープンリーグ,TSUTAYA西友町田店,東京都,31791,/event/detail/31791/result,5,0000043917,まなぶ,yESyyy-P0KiMZ-MMypM3,41120,ハイパーボール,4
2022-11-20,2022-11-20 11:00:00,シティリーグ,シティリーグ2023 シーズン1 オープンリーグ,TSUTAYA西友町田店,東京都,31791,/event/detail/31791/result,5,0000043917,まなぶ,yESyyy-P0KiMZ-MMypM3,41118,しんかのおこう,4
2022-11-20,2022-11-20 11:00:00,シティリーグ,シティリーグ2023 シーズン1 オープンリーグ,TSUTAYA西友町田店,東京都,31791,/event/detail/31791/result,5,0000043917,まなぶ,yESyyy-P0KiMZ-MMypM3,40992,こだわりベルト,2
2022-11-20,2022-11-20 11:00:00,シティリーグ,シティリーグ2023 シーズン1 オープンリーグ,TSUTAYA西友町田店,東京都,31791,/event/detail/31791/result,5,0000043917,まなぶ,yESyyy-P0KiMZ-MMypM3,41897,ロストスイーパー,1
2022-11-20,2022-11-20 11:00:00,シティリーグ,シティリーグ2023 シーズン1 オープンリーグ,TSUTAYA西友町田店,東京都,31791,/event/detail/31791/result,5,0000043917,まなぶ,yESyyy-P0KiMZ-MMypM3,40870,博士の研究（ナナカマド博士）,4
2022-11-20,2022-11-20 11:00:00,シティリーグ,シティリーグ2023 シーズン1 オープンリーグ,TSUTAYA西友町田店,東京都,31791,/event/detail/31791/result,5,0000043917,まなぶ,yESyyy-P0KiMZ-MMypM3,41131,マリィ,2
2022-11-20,2022-11-20 11:00:00,シティリーグ,シティリーグ2023 シーズン1 オープンリーグ,TSUTAYA西友町田店,東京都,31791,/event/detail/31791/result,5,0000043917,まなぶ,yESyyy-P0KiMZ-MMypM3,42025,セレナ,2
2022-11-20,2022-11-20 11:00:00,シティリーグ,シティリーグ2023 シーズン1 オープンリーグ,TSUTAYA西友町田店,東京都,31791,/event/detail/31791/result,5,0000043917,まなぶ,yESyyy-P0KiMZ-MMypM3,40307,ボスの指令（フラダリ）,2
2022-11-20,2022-11-20 11:00:00,シティリーグ,シティリーグ2023 シーズン1 オープンリーグ,TSUTAYA西友町田店,東京都,31791,/event/detail/31791/result,5,0000043917,まなぶ,yESyyy-P0KiMZ-MMypM3,38232,とりつかい,1
2022-11-20,2022-11-20 11:00:00,シティリーグ,シティリーグ2023 シーズン1 オープンリーグ,TSUTAYA西友町田店,東京都,31791,/event/detail/31791/result,5,0000043917,まなぶ,yESyyy-P0KiMZ-MMypM3,39924,バーネット博士,1
2022-11-20,2022-11-20 11:00:00,シティリーグ,シティリーグ2023 シーズン1 オープンリーグ,TSUTAYA西友町田店,東京都,31791,/event/detail/31791/result,5,0000043917,まなぶ,yESyyy-P0KiMZ-MMypM3,41000,崩れたスタジアム,1
2022-11-20,2022-11-20 11:00:00,シティリーグ,シティリーグ2023 シーズン1 オープンリーグ,TSUTAYA西友町田店,東京都,31791,/event/detail/31791/result,5,0000043917,まなぶ,yESyyy-P0KiMZ-MMypM3,40330,オーロラエネルギー,4
2022-11-20,2022-11-20 11:00:00,シティリーグ,シティリーグ2023 シーズン1 オープンリーグ,TSUTAYA西友町田店,東京都,31791,/event/detail/31791/result,5,0000043917,まなぶ,yESyyy-P0KiMZ-MMypM3,41134,パワフル無色エネルギー,4
2022-11-20,2022-11-20 11:00:00,シティリーグ,シティリーグ2023 シーズン1 オープンリーグ,TSUTAYA西友町田店,東京都,31791,/event/detail/31791/result,5,0000043917,まなぶ,yESyyy-P0KiMZ-MMypM3,38833,キャプチャーエネルギー,2
2022-11-20,2022-11-20 11:00:00,シティリーグ,シティリーグ2023 シーズン1 オープンリーグ,TSUTAYA西友町田店,東京都,31791,/event/detail/31791/result,5,0000043917,まなぶ,yESyyy-P0KiMZ-MMypM3,41135,ヒート炎エネルギー,1
2022-11-20,2022-11-20 11:00:00,シティリーグ,シティリーグ2023 シーズン1 オープンリーグ,TSUTAYA西友町田店,東京都,31791,/event/detail/31791/result,5,0000043917,まなぶ,yESyyy-P0KiMZ-MMypM3,40322,ウォッシュ水エネルギー,1
2022-11-20,2022-11-20 11:00:00,シティリーグ,シティリーグ2023 シーズン1 オープンリーグ,TSUTAYA西友町田店,東京都,31791,/event/detail/31791/result,5,0000043917,まなぶ,yESyyy-P0KiMZ-MMypM3,38831,ハイド悪エネルギー,1
2022-11-20,2022-11-20 11:00:00,シティリーグ,シティリーグ2023 シーズン1 オープンリーグ,TSUTAYA西友町田店,東京都,31791,/event/detail/31791/result,5,0000043917,まなぶ,yESyyy-P0KiMZ-MMypM3,38834,ツインエネルギー,1
2022-11-20,2022-11-20 11:00:00,シティリーグ,シティリーグ2023 シーズン1 オープンリーグ,TSUTAYA西友町田店,東京都,31791,/event/detail/31791/result,5,0000043917,まなぶ,yESyyy-P0KiMZ-MMypM3,42028,ダブルターボエネルギー,1
2022-11-20,2022-11-20 11:00:00,シティリーグ,シティリーグ2023 シーズン1 オープンリーグ,TSUTAYA西友町田店,東京都,31791,/event/detail/31791/result,5,0000043917,まなぶ,yESyyy-P0KiMZ-MMypM3,42029,Vガードエネルギー,1
2022-11-20,2022-11-20 11:00:00,シティリーグ,シティリーグ2023 シーズン1 オープンリーグ,TSUTAYA西友町田店,東京都,31791,/event/detail/31791/result,9,0000077880,こば,a8YGx8-2XI5ik-xxKcK8,41841,ロトムV,4
2022-11-20,2022-11-20 11:00:00,シティリーグ,シティリーグ2023 シーズン1 オープンリーグ,TSUTAYA西友町田店,東京都,31791,/event/detail/31791/result,9,0000077880,こば,a8YGx8-2XI5ik-xxKcK8,41956,ロトムVSTAR,3
2022-11-20,2022-11-20 11:00:00,シティリーグ,シティリーグ2023 シーズン1 オープンリーグ,TSUTAYA西友町田店,東京都,31791,/event/detail/31791/result,9,0000077880,こば,a8YGx8-2XI5ik-xxKcK8,39612,ビリリダマ,2
2022-11-20,2022-11-20 11:00:00,シティリーグ,シティリーグ2023 シーズン1 オープンリーグ,TSUTAYA西友町田店,東京都,31791,/event/detail/31791/result,9,0000077880,こば,a8YGx8-2XI5ik-xxKcK8,40200,マルマイン,2
2022-11-20,2022-11-20 11:00:00,シティリーグ,シティリーグ2023 シーズン1 オープンリーグ,TSUTAYA西友町田店,東京都,31791,/event/detail/31791/result,9,0000077880,こば,a8YGx8-2XI5ik-xxKcK8,41113,クロバットV,1
2022-11-20,2022-11-20 11:00:00,シティリーグ,シティリーグ2023 シーズン1 オープンリーグ,TSUTAYA西友町田店,東京都,31791,/event/detail/31791/result,9,0000077880,こば,a8YGx8-2XI5ik-xxKcK8,41927,ネオラントV,1
2022-11-20,2022-11-20 11:00:00,シティリーグ,シティリーグ2023 シーズン1 オープンリーグ,TSUTAYA西友町田店,東京都,31791,/event/detail/31791/result,9,0000077880,こば,a8YGx8-2XI5ik-xxKcK8,40392,ガラル フリーザーV,1
2022-11-20,2022-11-20 11:00:00,シティリーグ,シティリーグ2023 シーズン1 オープンリーグ,TSUTAYA西友町田店,東京都,31791,/event/detail/31791/result,9,0000077880,こば,a8YGx8-2XI5ik-xxKcK8,41117,クイックボール,3
2022-11-20,2022-11-20 11:00:00,シティリーグ,シティリーグ2023 シーズン1 オープンリーグ,TSUTAYA西友町田店,東京都,31791,/event/detail/31791/result,9,0000077880,こば,a8YGx8-2XI5ik-xxKcK8,40843,ハイパーボール,4
2022-11-20,2022-11-20 11:00:00,シティリーグ,シティリーグ2023 シーズン1 オープンリーグ,TSUTAYA西友町田店,東京都,31791,/event/detail/31791/result,9,0000077880,こば,a8YGx8-2XI5ik-xxKcK8,40850,学習装置,2
2022-11-20,2022-11-20 11:00:00,シティリーグ,シティリーグ2023 シーズン1 オープンリーグ,TSUTAYA西友町田店,東京都,31791,/event/detail/31791/result,9,0000077880,こば,a8YGx8-2XI5ik-xxKcK8,38128,ビッグパラソル,2
2022-11-20,2022-11-20 11:00:00,シティリーグ,シティリーグ2023 シーズン1 オープンリーグ,TSUTAYA西友町田店,東京都,31791,/event/detail/31791/result,9,0000077880,こば,a8YGx8-2XI5ik-xxKcK8,40294,ふうせん,4
2022-11-20,2022-11-20 11:00:00,シティリーグ,シティリーグ2023 シーズン1 オープンリーグ,TSUTAYA西友町田店,東京都,31791,/event/detail/31791/result,9,0000077880,こば,a8YGx8-2XI5ik-xxKcK8,39422,いちげきの巻物 貫通の巻,4
2022-11-20,2022-11-20 11:00:00,シティリーグ,シティリーグ2023 シーズン1 オープンリーグ,TSUTAYA西友町田店,東京都,31791,/event/detail/31791/result,9,0000077880,こば,a8YGx8-2XI5ik-xxKcK8,39124,いちげきの巻物 怒りの巻,3
2022-11-20,2022-11-20 11:00:00,シティリーグ,シティリーグ2023 シーズン1 オープンリーグ,TSUTAYA西友町田店,東京都,31791,/event/detail/31791/result,9,0000077880,こば,a8YGx8-2XI5ik-xxKcK8,41125,大きなおまもり,2
2022-11-20,2022-11-20 11:00:00,シティリーグ,シティリーグ2023 シーズン1 オープンリーグ,TSUTAYA西友町田店,東京都,31791,/event/detail/31791/result,9,0000077880,こば,a8YGx8-2XI5ik-xxKcK8,41251,ツツジ,2
2022-11-20,2022-11-20 11:00:00,シティリーグ,シティリーグ2023 シーズン1 オープンリーグ,TSUTAYA西友町田店,東京都,31791,/event/detail/31791/result,9,0000077880,こば,a8YGx8-2XI5ik-xxKcK8,40870,博士の研究（ナナカマド博士）,3
2022-11-20,2022-11-20 11:00:00,シティリーグ,シティリーグ2023 シーズン1 オープンリーグ,TSUTAYA西友町田店,東京都,31791,/event/detail/31791/result,9,0000077880,こば,a8YGx8-2XI5ik-xxKcK8,42025,セレナ,3
2022-11-20,2022-11-20 11:00:00,シティリーグ,シティリーグ2023 シーズン1 オープンリーグ,TSUTAYA西友町田店,東京都,31791,/event/detail/31791/result,9,0000077880,こば,a8YGx8-2XI5ik-xxKcK8,41127,キバナ,1
2022-11-20,2022-11-20 11:00:00,シティリーグ,シティリーグ2023 シーズン1 オープンリーグ,TSUTAYA西友町田店,東京都,31791,/event/detail/31791/result,9,0000077880,こば,a8YGx8-2XI5ik-xxKcK8,40315,あくの塔,4
2022-11-20,2022-11-20 11:00:00,シティリーグ,シティリーグ2023 シーズン1 オープンリーグ,TSUTAYA西友町田店,東京都,31791,/event/detail/31791/result,9,0000077880,こば,a8YGx8-2XI5ik-xxKcK8,40323,スピード雷エネルギー,4
2022-11-20,2022-11-20 11:00:00,シティリーグ,シティリーグ2023 シーズン1 オープンリーグ,TSUTAYA西友町田店,東京都,31791,/event/detail/31791/result,9,0000077880,こば,a8YGx8-2XI5ik-xxKcK8,42257,基本雷エネルギー,5
2022-11-20,2022-11-20 11:00:00,シティリーグ,シティリーグ2023 シーズン1 オープンリーグ,TSUTAYA西友町田店,東京都,31791,/event/detail/31791/result,9,0007706853,すぱちゃん,kVFkFb-aJqcE9-kvvVkv,42172,ルギアVSTAR,3
2022-11-20,2022-11-20 11:00:00,シティリーグ,シティリーグ2023 シーズン1 オープンリーグ,TSUTAYA西友町田店,東京都,31791,/event/detail/31791/result,9,0007706853,すぱちゃん,kVFkFb-aJqcE9-kvvVkv,42171,ルギアV,3
2022-11-20,2022-11-20 11:00:00,シティリーグ,シティリーグ2023 シーズン1 オープンリーグ,TSUTAYA西友町田店,東京都,31791,/event/detail/31791/result,9,0007706853,すぱちゃん,kVFkFb-aJqcE9-kvvVkv,42175,アーケオス,4
2022-11-20,2022-11-20 11:00:00,シティリーグ,シティリーグ2023 シーズン1 オープンリーグ,TSUTAYA西友町田店,東京都,31791,/event/detail/31791/result,9,0007706853,すぱちゃん,kVFkFb-aJqcE9-kvvVkv,41071,クロバットV,1
2022-11-20,2022-11-20 11:00:00,シティリーグ,シティリーグ2023 シーズン1 オープンリーグ,TSUTAYA西友町田店,東京都,31791,/event/detail/31791/result,9,0007706853,すぱちゃん,kVFkFb-aJqcE9-kvvVkv,41346,ネオラントV,1
2022-11-20,2022-11-20 11:00:00,シティリーグ,シティリーグ2023 シーズン1 オープンリーグ,TSUTAYA西友町田店,東京都,31791,/event/detail/31791/result,9,0007706853,すぱちゃん,kVFkFb-aJqcE9-kvvVkv,41870,ドラピオンV,1
2022-11-20,2022-11-20 11:00:00,シティリーグ,シティリーグ2023 シーズン1 オープンリーグ,TSUTAYA西友町田店,東京都,31791,/event/detail/31791/result,9,0007706853,すぱちゃん,kVFkFb-aJqcE9-kvvVkv,38762,イベルタル,1
2022-11-20,2022-11-20 11:00:00,シティリーグ,シティリーグ2023 シーズン1 オープンリーグ,TSUTAYA西友町田店,東京都,31791,/event/detail/31791/result,9,0007706853,すぱちゃん,kVFkFb-aJqcE9-kvvVkv,38421,ライコウ,1
2022-11-20,2022-11-20 11:00:00,シティリーグ,シティリーグ2023 シーズン1 オープンリーグ,TSUTAYA西友町田店,東京都,31791,/event/detail/31791/result,9,0007706853,すぱちゃん,kVFkFb-aJqcE9-kvvVkv,41692,かがやくリザードン,1
2022-11-20,2022-11-20 11:00:00,シティリーグ,シティリーグ2023 シーズン1 オープンリーグ,TSUTAYA西友町田店,東京都,31791,/event/detail/31791/result,9,0007706853,すぱちゃん,kVFkFb-aJqcE9-kvvVkv,41026,ゼクロム,1
2022-11-20,2022-11-20 11:00:00,シティリーグ,シティリーグ2023 シーズン1 オープンリーグ,TSUTAYA西友町田店,東京都,31791,/event/detail/31791/result,9,0007706853,すぱちゃん,kVFkFb-aJqcE9-kvvVkv,39685,バケッチャ,1
2022-11-20,2022-11-20 11:00:00,シティリーグ,シティリーグ2023 シーズン1 オープンリーグ,TSUTAYA西友町田店,東京都,31791,/event/detail/31791/result,9,0007706853,すぱちゃん,kVFkFb-aJqcE9-kvvVkv,40933,マナフィ,1
2022-11-20,2022-11-20 11:00:00,シティリーグ,シティリーグ2023 シーズン1 オープンリーグ,TSUTAYA西友町田店,東京都,31791,/event/detail/31791/result,9,0007706853,すぱちゃん,kVFkFb-aJqcE9-kvvVkv,40131,クイックボール,4
2022-11-20,2022-11-20 11:00:00,シティリーグ,シティリーグ2023 シーズン1 オープンリーグ,TSUTAYA西友町田店,東京都,31791,/event/detail/31791/result,9,0007706853,すぱちゃん,kVFkFb-aJqcE9-kvvVkv,42245,ハイパーボール,4
2022-11-20,2022-11-20 11:00:00,シティリーグ,シティリーグ2023 シーズン1 オープンリーグ,TSUTAYA西友町田店,東京都,31791,/event/detail/31791/result,9,0007706853,すぱちゃん,kVFkFb-aJqcE9-kvvVkv,39571,しんかのおこう,4
2022-11-20,2022-11-20 11:00:00,シティリーグ,シティリーグ2023 シーズン1 オープンリーグ,TSUTAYA西友町田店,東京都,31791,/event/detail/31791/result,9,0007706853,すぱちゃん,kVFkFb-aJqcE9-kvvVkv,41937,こだわりベルト,2
2022-11-20,2022-11-20 11:00:00,シティリーグ,シティリーグ2023 シーズン1 オープンリーグ,TSUTAYA西友町田店,東京都,31791,/event/detail/31791/result,9,0007706853,すぱちゃん,kVFkFb-aJqcE9-kvvVkv,41897,ロストスイーパー,1
2022-11-20,2022-11-20 11:00:00,シティリーグ,シティリーグ2023 シーズン1 オープンリーグ,TSUTAYA西友町田店,東京都,31791,/event/detail/31791/result,9,0007706853,すぱちゃん,kVFkFb-aJqcE9-kvvVkv,37874,博士の研究（マグノリア博士）,3
2022-11-20,2022-11-20 11:00:00,シティリーグ,シティリーグ2023 シーズン1 オープンリーグ,TSUTAYA西友町田店,東京都,31791,/event/detail/31791/result,9,0007706853,すぱちゃん,kVFkFb-aJqcE9-kvvVkv,39554,マリィ,1
2022-11-20,2022-11-20 11:00:00,シティリーグ,シティリーグ2023 シーズン1 オープンリーグ,TSUTAYA西友町田店,東京都,31791,/event/detail/31791/result,9,0007706853,すぱちゃん,kVFkFb-aJqcE9-kvvVkv,42071,セレナ,2
2022-11-20,2022-11-20 11:00:00,シティリーグ,シティリーグ2023 シーズン1 オープンリーグ,TSUTAYA西友町田店,東京都,31791,/event/detail/31791/result,9,0007706853,すぱちゃん,kVFkFb-aJqcE9-kvvVkv,38062,ボスの指令（サカキ）,2
2022-11-20,2022-11-20 11:00:00,シティリーグ,シティリーグ2023 シーズン1 オープンリーグ,TSUTAYA西友町田店,東京都,31791,/event/detail/31791/result,9,0007706853,すぱちゃん,kVFkFb-aJqcE9-kvvVkv,38925,とりつかい,1
2022-11-20,2022-11-20 11:00:00,シティリーグ,シティリーグ2023 シーズン1 オープンリーグ,TSUTAYA西友町田店,東京都,31791,/event/detail/31791/result,9,0007706853,すぱちゃん,kVFkFb-aJqcE9-kvvVkv,41000,崩れたスタジアム,1
2022-11-20,2022-11-20 11:00:00,シティリーグ,シティリーグ2023 シーズン1 オープンリーグ,TSUTAYA西友町田店,東京都,31791,/event/detail/31791/result,9,0007706853,すぱちゃん,kVFkFb-aJqcE9-kvvVkv,39803,オーロラエネルギー,4
2022-11-20,2022-11-20 11:00:00,シティリーグ,シティリーグ2023 シーズン1 オープンリーグ,TSUTAYA西友町田店,東京都,31791,/event/detail/31791/result,9,0007706853,すぱちゃん,kVFkFb-aJqcE9-kvvVkv,41134,パワフル無色エネルギー,4
2022-11-20,2022-11-20 11:00:00,シティリーグ,シティリーグ2023 シーズン1 オープンリーグ,TSUTAYA西友町田店,東京都,31791,/event/detail/31791/result,9,0007706853,すぱちゃん,kVFkFb-aJqcE9-kvvVkv,42028,ダブルターボエネルギー,2
2022-11-20,2022-11-20 11:00:00,シティリーグ,シティリーグ2023 シーズン1 オープンリーグ,TSUTAYA西友町田店,東京都,31791,/event/detail/31791/result,9,0007706853,すぱちゃん,kVFkFb-aJqcE9-kvvVkv,40332,ツインエネルギー,1
2022-11-20,2022-11-20 11:00:00,シティリーグ,シティリーグ2023 シーズン1 オープンリーグ,TSUTAYA西友町田店,東京都,31791,/event/detail/31791/result,9,0007706853,すぱちゃん,kVFkFb-aJqcE9-kvvVkv,42029,Vガードエネルギー,1
2022-11-20,2022-11-20 11:00:00,シティリーグ,シティリーグ2023 シーズン1 オープンリーグ,TSUTAYA西友町田店,東京都,31791,/event/detail/31791/result,9,0007706853,すぱちゃん,kVFkFb-aJqcE9-kvvVkv,40326,ハイド悪エネルギー,1
2022-11-20,2022-11-20 11:00:00,シティリーグ,シティリーグ2023 シーズン1 オープンリーグ,TSUTAYA西友町田店,東京都,31791,/event/detail/31791/result,9,0007706853,すぱちゃん,kVFkFb-aJqcE9-kvvVkv,40331,キャプチャーエネルギー,2
2022-11-20,2022-11-20 11:00:00,シティリーグ,シティリーグ2023 シーズン1 オープンリーグ,TSUTAYA西友町田店,東京都,31791,/event/detail/31791/result,9,0007706853,すぱちゃん,kVFkFb-aJqcE9-kvvVkv,38829,スピード雷エネルギー,1
2022-11-20,2022-11-20 11:00:00,シティリーグ,シティリーグ2023 シーズン1 オープンリーグ,TSUTAYA西友町田店,東京都,31791,/event/detail/31791/result,9,0004201726,ライコウ,2MySyp-fXLthX-pMypMy,41853,キュワワー,4
2022-11-20,2022-11-20 11:00:00,シティリーグ,シティリーグ2023 シーズン1 オープンリーグ,TSUTAYA西友町田店,東京都,31791,/event/detail/31791/result,9,0004201726,ライコウ,2MySyp-fXLthX-pMypMy,41848,ヤミラミ,3
2022-11-20,2022-11-20 11:00:00,シティリーグ,シティリーグ2023 シーズン1 オープンリーグ,TSUTAYA西友町田店,東京都,31791,/event/detail/31791/result,9,0004201726,ライコウ,2MySyp-fXLthX-pMypMy,41837,ウッウ,2
2022-11-20,2022-11-20 11:00:00,シティリーグ,シティリーグ2023 シーズン1 オープンリーグ,TSUTAYA西友町田店,東京都,31791,/event/detail/31791/result,9,0004201726,ライコウ,2MySyp-fXLthX-pMypMy,41692,かがやくリザードン,1
2022-11-20,2022-11-20 11:00:00,シティリーグ,シティリーグ2023 シーズン1 オープンリーグ,TSUTAYA西友町田店,東京都,31791,/event/detail/31791/result,9,0004201726,ライコウ,2MySyp-fXLthX-pMypMy,40933,マナフィ,1
2022-11-20,2022-11-20 11:00:00,シティリーグ,シティリーグ2023 シーズン1 オープンリーグ,TSUTAYA西友町田店,東京都,31791,/event/detail/31791/result,9,0004201726,ライコウ,2MySyp-fXLthX-pMypMy,41770,カビゴン,1
2022-11-20,2022-11-20 11:00:00,シティリーグ,シティリーグ2023 シーズン1 オープンリーグ,TSUTAYA西友町田店,東京都,31791,/event/detail/31791/result,9,0004201726,ライコウ,2MySyp-fXLthX-pMypMy,38427,ゼラオラ,1
2022-11-20,2022-11-20 11:00:00,シティリーグ,シティリーグ2023 シーズン1 オープンリーグ,TSUTAYA西友町田店,東京都,31791,/event/detail/31791/result,9,0004201726,ライコウ,2MySyp-fXLthX-pMypMy,41043,ヤレユータン,1
2022-11-20,2022-11-20 11:00:00,シティリーグ,シティリーグ2023 シーズン1 オープンリーグ,TSUTAYA西友町田店,東京都,31791,/event/detail/31791/result,9,0004201726,ライコウ,2MySyp-fXLthX-pMypMy,41896,ミラージュゲート,2
2022-11-20,2022-11-20 11:00:00,シティリーグ,シティリーグ2023 シーズン1 オープンリーグ,TSUTAYA西友町田店,東京都,31791,/event/detail/31791/result,9,0004201726,ライコウ,2MySyp-fXLthX-pMypMy,41421,いれかえカート,2
2022-11-20,2022-11-20 11:00:00,シティリーグ,シティリーグ2023 シーズン1 オープンリーグ,TSUTAYA西友町田店,東京都,31791,/event/detail/31791/result,9,0004201726,ライコウ,2MySyp-fXLthX-pMypMy,40282,回収ネット,4
2022-11-20,2022-11-20 11:00:00,シティリーグ,シティリーグ2023 シーズン1 オープンリーグ,TSUTAYA西友町田店,東京都,31791,/event/detail/31791/result,9,0004201726,ライコウ,2MySyp-fXLthX-pMypMy,40832,あなぬけのヒモ,4
2022-11-20,2022-11-20 11:00:00,シティリーグ,シティリーグ2023 シーズン1 オープンリーグ,TSUTAYA西友町田店,東京都,31791,/event/detail/31791/result,9,0004201726,ライコウ,2MySyp-fXLthX-pMypMy,41331,クイックボール,2
2022-11-20,2022-11-20 11:00:00,シティリーグ,シティリーグ2023 シーズン1 オープンリーグ,TSUTAYA西友町田店,東京都,31791,/event/detail/31791/result,9,0004201726,ライコウ,2MySyp-fXLthX-pMypMy,40053,バトルVIPパス,4
2022-11-20,2022-11-20 11:00:00,シティリーグ,シティリーグ2023 シーズン1 オープンリーグ,TSUTAYA西友町田店,東京都,31791,/event/detail/31791/result,9,0004201726,ライコウ,2MySyp-fXLthX-pMypMy,41126,ふうせん,1
2022-11-20,2022-11-20 11:00:00,シティリーグ,シティリーグ2023 シーズン1 オープンリーグ,TSUTAYA西友町田店,東京都,31791,/event/detail/31791/result,9,0004201726,ライコウ,2MySyp-fXLthX-pMypMy,40289,やまびこホーン,1
2022-11-20,2022-11-20 11:00:00,シティリーグ,シティリーグ2023 シーズン1 オープンリーグ,TSUTAYA西友町田店,東京都,31791,/event/detail/31791/result,9,0004201726,ライコウ,2MySyp-fXLthX-pMypMy,41490,ヒスイのヘビーボール,1
2022-11-20,2022-11-20 11:00:00,シティリーグ,シティリーグ2023 シーズン1 オープンリーグ,TSUTAYA西友町田店,東京都,31791,/event/detail/31791/result,9,0004201726,ライコウ,2MySyp-fXLthX-pMypMy,41937,こだわりベルト,2
2022-11-20,2022-11-20 11:00:00,シティリーグ,シティリーグ2023 シーズン1 オープンリーグ,TSUTAYA西友町田店,東京都,31791,/event/detail/31791/result,9,0004201726,ライコウ,2MySyp-fXLthX-pMypMy,37333,ポケギア3.0,1
2022-11-20,2022-11-20 11:00:00,シティリーグ,シティリーグ2023 シーズン1 オープンリーグ,TSUTAYA西友町田店,東京都,31791,/event/detail/31791/result,9,0004201726,ライコウ,2MySyp-fXLthX-pMypMy,41934,霧の水晶,1
2022-11-20,2022-11-20 11:00:00,シティリーグ,シティリーグ2023 シーズン1 オープンリーグ,TSUTAYA西友町田店,東京都,31791,/event/detail/31791/result,9,0004201726,ライコウ,2MySyp-fXLthX-pMypMy,42088,アクロマの実験,4
2022-11-20,2022-11-20 11:00:00,シティリーグ,シティリーグ2023 シーズン1 オープンリーグ,TSUTAYA西友町田店,東京都,31791,/event/detail/31791/result,9,0004201726,ライコウ,2MySyp-fXLthX-pMypMy,41131,マリィ,1
2022-11-20,2022-11-20 11:00:00,シティリーグ,シティリーグ2023 シーズン1 オープンリーグ,TSUTAYA西友町田店,東京都,31791,/event/detail/31791/result,9,0004201726,ライコウ,2MySyp-fXLthX-pMypMy,41939,クララ,2
2022-11-20,2022-11-20 11:00:00,シティリーグ,シティリーグ2023 シーズン1 オープンリーグ,TSUTAYA西友町田店,東京都,31791,/event/detail/31791/result,9,0004201726,ライコウ,2MySyp-fXLthX-pMypMy,41127,キバナ,2
2022-11-20,2022-11-20 11:00:00,シティリーグ,シティリーグ2023 シーズン1 オープンリーグ,TSUTAYA西友町田店,東京都,31791,/event/detail/31791/result,9,0004201726,ライコウ,2MySyp-fXLthX-pMypMy,42253,ボスの指令（アカギ）,1
2022-11-20,2022-11-20 11:00:00,シティリーグ,シティリーグ2023 シーズン1 オープンリーグ,TSUTAYA西友町田店,東京都,31791,/event/detail/31791/result,9,0004201726,ライコウ,2MySyp-fXLthX-pMypMy,41509,ツツジ,1
2022-11-20,2022-11-20 11:00:00,シティリーグ,シティリーグ2023 シーズン1 オープンリーグ,TSUTAYA西友町田店,東京都,31791,/event/detail/31791/result,9,0004201726,ライコウ,2MySyp-fXLthX-pMypMy,41495,シンオウ神殿,2
2022-11-20,2022-11-20 11:00:00,シティリーグ,シティリーグ2023 シーズン1 オープンリーグ,TSUTAYA西友町田店,東京都,31791,/event/detail/31791/result,9,0004201726,ライコウ,2MySyp-fXLthX-pMypMy,40332,ツインエネルギー,1
2022-11-20,2022-11-20 11:00:00,シティリーグ,シティリーグ2023 シーズン1 オープンリーグ,TSUTAYA西友町田店,東京都,31791,/event/detail/31791/result,9,0004201726,ライコウ,2MySyp-fXLthX-pMypMy,41757,基本超エネルギー,3
2022-11-20,2022-11-20 11:00:00,シティリーグ,シティリーグ2023 シーズン1 オープンリーグ,TSUTAYA西友町田店,東京都,31791,/event/detail/31791/result,9,0004201726,ライコウ,2MySyp-fXLthX-pMypMy,41754,基本炎エネルギー,2
2022-11-20,2022-11-20 11:00:00,シティリーグ,シティリーグ2023 シーズン1 オープンリーグ,TSUTAYA西友町田店,東京都,31791,/event/detail/31791/result,9,0004201726,ライコウ,2MySyp-fXLthX-pMypMy,41756,基本雷エネルギー,2
2022-11-20,2022-11-20 11:00:00,シティリーグ,シティリーグ2023 シーズン1 オープンリーグ,TSUTAYA西友町田店,東京都,31791,/event/detail/31791/result,9,0029971660,たちゅ,NnLLnH-X8odFX-6NiLL6,41853,キュワワー,4
2022-11-20,2022-11-20 11:00:00,シティリーグ,シティリーグ2023 シーズン1 オープンリーグ,TSUTAYA西友町田店,東京都,31791,/event/detail/31791/result,9,0029971660,たちゅ,NnLLnH-X8odFX-6NiLL6,41837,ウッウ,2
2022-11-20,2022-11-20 11:00:00,シティリーグ,シティリーグ2023 シーズン1 オープンリーグ,TSUTAYA西友町田店,東京都,31791,/event/detail/31791/result,9,0029971660,たちゅ,NnLLnH-X8odFX-6NiLL6,41848,ヤミラミ,2
2022-11-20,2022-11-20 11:00:00,シティリーグ,シティリーグ2023 シーズン1 オープンリーグ,TSUTAYA西友町田店,東京都,31791,/event/detail/31791/result,9,0029971660,たちゅ,NnLLnH-X8odFX-6NiLL6,40933,マナフィ,1
2022-11-20,2022-11-20 11:00:00,シティリーグ,シティリーグ2023 シーズン1 オープンリーグ,TSUTAYA西友町田店,東京都,31791,/event/detail/31791/result,9,0029971660,たちゅ,NnLLnH-X8odFX-6NiLL6,38421,ライコウ,2
2022-11-20,2022-11-20 11:00:00,シティリーグ,シティリーグ2023 シーズン1 オープンリーグ,TSUTAYA西友町田店,東京都,31791,/event/detail/31791/result,9,0029971660,たちゅ,NnLLnH-X8odFX-6NiLL6,42014,ザマゼンタ,1
2022-11-20,2022-11-20 11:00:00,シティリーグ,シティリーグ2023 シーズン1 オープンリーグ,TSUTAYA西友町田店,東京都,31791,/event/detail/31791/result,9,0029971660,たちゅ,NnLLnH-X8odFX-6NiLL6,41212,かがやくゲッコウガ,1
2022-11-20,2022-11-20 11:00:00,シティリーグ,シティリーグ2023 シーズン1 オープンリーグ,TSUTAYA西友町田店,東京都,31791,/event/detail/31791/result,9,0029971660,たちゅ,NnLLnH-X8odFX-6NiLL6,40253,ガラル ジグザグマ,1
2022-11-20,2022-11-20 11:00:00,シティリーグ,シティリーグ2023 シーズン1 オープンリーグ,TSUTAYA西友町田店,東京都,31791,/event/detail/31791/result,9,0029971660,たちゅ,NnLLnH-X8odFX-6NiLL6,41331,クイックボール,4
2022-11-20,2022-11-20 11:00:00,シティリーグ,シティリーグ2023 シーズン1 オープンリーグ,TSUTAYA西友町田店,東京都,31791,/event/detail/31791/result,9,0029971660,たちゅ,NnLLnH-X8odFX-6NiLL6,40282,回収ネット,4
2022-11-20,2022-11-20 11:00:00,シティリーグ,シティリーグ2023 シーズン1 オープンリーグ,TSUTAYA西友町田店,東京都,31791,/event/detail/31791/result,9,0029971660,たちゅ,NnLLnH-X8odFX-6NiLL6,40832,あなぬけのヒモ,4
2022-11-20,2022-11-20 11:00:00,シティリーグ,シティリーグ2023 シーズン1 オープンリーグ,TSUTAYA西友町田店,東京都,31791,/event/detail/31791/result,9,0029971660,たちゅ,NnLLnH-X8odFX-6NiLL6,40053,バトルVIPパス,4
2022-11-20,2022-11-20 11:00:00,シティリーグ,シティリーグ2023 シーズン1 オープンリーグ,TSUTAYA西友町田店,東京都,31791,/event/detail/31791/result,9,0029971660,たちゅ,NnLLnH-X8odFX-6NiLL6,41126,ふうせん,1
2022-11-20,2022-11-20 11:00:00,シティリーグ,シティリーグ2023 シーズン1 オープンリーグ,TSUTAYA西友町田店,東京都,31791,/event/detail/31791/result,9,0029971660,たちゅ,NnLLnH-X8odFX-6NiLL6,41896,ミラージュゲート,4
2022-11-20,2022-11-20 11:00:00,シティリーグ,シティリーグ2023 シーズン1 オープンリーグ,TSUTAYA西友町田店,東京都,31791,/event/detail/31791/result,9,0029971660,たちゅ,NnLLnH-X8odFX-6NiLL6,41122,ふつうのつりざお,2
2022-11-20,2022-11-20 11:00:00,シティリーグ,シティリーグ2023 シーズン1 オープンリーグ,TSUTAYA西友町田店,東京都,31791,/event/detail/31791/result,9,0029971660,たちゅ,NnLLnH-X8odFX-6NiLL6,40836,エネルギーリサイクル,1
2022-11-20,2022-11-20 11:00:00,シティリーグ,シティリーグ2023 シーズン1 オープンリーグ,TSUTAYA西友町田店,東京都,31791,/event/detail/31791/result,9,0029971660,たちゅ,NnLLnH-X8odFX-6NiLL6,40134,ポケギア3.0,3
2022-11-20,2022-11-20 11:00:00,シティリーグ,シティリーグ2023 シーズン1 オープンリーグ,TSUTAYA西友町田店,東京都,31791,/event/detail/31791/result,9,0029971660,たちゅ,NnLLnH-X8odFX-6NiLL6,41899,アクロマの実験,4
2022-11-20,2022-11-20 11:00:00,シティリーグ,シティリーグ2023 シーズン1 オープンリーグ,TSUTAYA西友町田店,東京都,31791,/event/detail/31791/result,9,0029971660,たちゅ,NnLLnH-X8odFX-6NiLL6,41127,キバナ,1
2022-11-20,2022-11-20 11:00:00,シティリーグ,シティリーグ2023 シーズン1 オープンリーグ,TSUTAYA西友町田店,東京都,31791,/event/detail/31791/result,9,0029971660,たちゅ,NnLLnH-X8odFX-6NiLL6,42253,ボスの指令（アカギ）,1
2022-11-20,2022-11-20 11:00:00,シティリーグ,シティリーグ2023 シーズン1 オープンリーグ,TSUTAYA西友町田店,東京都,31791,/event/detail/31791/result,9,0029971660,たちゅ,NnLLnH-X8odFX-6NiLL6,41133,トレーニングコート,2
2022-11-20,2022-11-20 11:00:00,シティリーグ,シティリーグ2023 シーズン1 オープンリーグ,TSUTAYA西友町田店,東京都,31791,/event/detail/31791/result,9,0029971660,たちゅ,NnLLnH-X8odFX-6NiLL6,41946,基本超エネルギー,2
2022-11-20,2022-11-20 11:00:00,シティリーグ,シティリーグ2023 シーズン1 オープンリーグ,TSUTAYA西友町田店,東京都,31791,/event/detail/31791/result,9,0029971660,たちゅ,NnLLnH-X8odFX-6NiLL6,42257,基本雷エネルギー,3
2022-11-20,2022-11-20 11:00:00,シティリーグ,シティリーグ2023 シーズン1 オープンリーグ,TSUTAYA西友町田店,東京都,31791,/event/detail/31791/result,9,0029971660,たちゅ,NnLLnH-X8odFX-6NiLL6,41144,基本草エネルギー,3
2022-11-20,2022-11-20 11:00:00,シティリーグ,シティリーグ2023 シーズン1 オープンリーグ,TSUTAYA西友町田店,東京都,31791,/event/detail/31791/result,9,0029971660,たちゅ,NnLLnH-X8odFX-6NiLL6,41760,基本鋼エネルギー,3
2022-11-20,2022-11-20 11:00:00,シティリーグ,シティリーグ2023 シーズン1 オープンリーグ,TSUTAYA西友町田店,東京都,31791,/event/detail/31791/result,9,0014087325,わたる,k5FfVV-8TBINR-kkVkFV,41853,キュワワー,4
2022-11-20,2022-11-20 11:00:00,シティリーグ,シティリーグ2023 シーズン1 オープンリーグ,TSUTAYA西友町田店,東京都,31791,/event/detail/31791/result,9,0014087325,わたる,k5FfVV-8TBINR-kkVkFV,40202,サンダー,2
2022-11-20,2022-11-20 11:00:00,シティリーグ,シティリーグ2023 シーズン1 オープンリーグ,TSUTAYA西友町田店,東京都,31791,/event/detail/31791/result,9,0014087325,わたる,k5FfVV-8TBINR-kkVkFV,41848,ヤミラミ,2
2022-11-20,2022-11-20 11:00:00,シティリーグ,シティリーグ2023 シーズン1 オープンリーグ,TSUTAYA西友町田店,東京都,31791,/event/detail/31791/result,9,0014087325,わたる,k5FfVV-8TBINR-kkVkFV,41837,ウッウ,1
2022-11-20,2022-11-20 11:00:00,シティリーグ,シティリーグ2023 シーズン1 オープンリーグ,TSUTAYA西友町田店,東京都,31791,/event/detail/31791/result,9,0014087325,わたる,k5FfVV-8TBINR-kkVkFV,41212,かがやくゲッコウガ,1
2022-11-20,2022-11-20 11:00:00,シティリーグ,シティリーグ2023 シーズン1 オープンリーグ,TSUTAYA西友町田店,東京都,31791,/event/detail/31791/result,9,0014087325,わたる,k5FfVV-8TBINR-kkVkFV,40072,カイオーガ,1
2022-11-20,2022-11-20 11:00:00,シティリーグ,シティリーグ2023 シーズン1 オープンリーグ,TSUTAYA西友町田店,東京都,31791,/event/detail/31791/result,9,0014087325,わたる,k5FfVV-8TBINR-kkVkFV,40932,ネオラントV,1
2022-11-20,2022-11-20 11:00:00,シティリーグ,シティリーグ2023 シーズン1 オープンリーグ,TSUTAYA西友町田店,東京都,31791,/event/detail/31791/result,9,0014087325,わたる,k5FfVV-8TBINR-kkVkFV,40933,マナフィ,1
2022-11-20,2022-11-20 11:00:00,シティリーグ,シティリーグ2023 シーズン1 オープンリーグ,TSUTAYA西友町田店,東京都,31791,/event/detail/31791/result,9,0014087325,わたる,k5FfVV-8TBINR-kkVkFV,39678,コオリッポ,1
2022-11-20,2022-11-20 11:00:00,シティリーグ,シティリーグ2023 シーズン1 オープンリーグ,TSUTAYA西友町田店,東京都,31791,/event/detail/31791/result,9,0014087325,わたる,k5FfVV-8TBINR-kkVkFV,40053,バトルVIPパス,3
2022-11-20,2022-11-20 11:00:00,シティリーグ,シティリーグ2023 シーズン1 オープンリーグ,TSUTAYA西友町田店,東京都,31791,/event/detail/31791/result,9,0014087325,わたる,k5FfVV-8TBINR-kkVkFV,41117,クイックボール,4
2022-11-20,2022-11-20 11:00:00,シティリーグ,シティリーグ2023 シーズン1 オープンリーグ,TSUTAYA西友町田店,東京都,31791,/event/detail/31791/result,9,0014087325,わたる,k5FfVV-8TBINR-kkVkFV,41896,ミラージュゲート,4
2022-11-20,2022-11-20 11:00:00,シティリーグ,シティリーグ2023 シーズン1 オープンリーグ,TSUTAYA西友町田店,東京都,31791,/event/detail/31791/result,9,0014087325,わたる,k5FfVV-8TBINR-kkVkFV,40282,回収ネット,4
2022-11-20,2022-11-20 11:00:00,シティリーグ,シティリーグ2023 シーズン1 オープンリーグ,TSUTAYA西友町田店,東京都,31791,/event/detail/31791/result,9,0014087325,わたる,k5FfVV-8TBINR-kkVkFV,41421,いれかえカート,4
2022-11-20,2022-11-20 11:00:00,シティリーグ,シティリーグ2023 シーズン1 オープンリーグ,TSUTAYA西友町田店,東京都,31791,/event/detail/31791/result,9,0014087325,わたる,k5FfVV-8TBINR-kkVkFV,40832,あなぬけのヒモ,2
2022-11-20,2022-11-20 11:00:00,シティリーグ,シティリーグ2023 シーズン1 オープンリーグ,TSUTAYA西友町田店,東京都,31791,/event/detail/31791/result,9,0014087325,わたる,k5FfVV-8TBINR-kkVkFV,41122,ふつうのつりざお,2
2022-11-20,2022-11-20 11:00:00,シティリーグ,シティリーグ2023 シーズン1 オープンリーグ,TSUTAYA西友町田店,東京都,31791,/event/detail/31791/result,9,0014087325,わたる,k5FfVV-8TBINR-kkVkFV,39192,エネルギーリサイクル,2
2022-11-20,2022-11-20 11:00:00,シティリーグ,シティリーグ2023 シーズン1 オープンリーグ,TSUTAYA西友町田店,東京都,31791,/event/detail/31791/result,9,0014087325,わたる,k5FfVV-8TBINR-kkVkFV,40289,やまびこホーン,1
2022-11-20,2022-11-20 11:00:00,シティリーグ,シティリーグ2023 シーズン1 オープンリーグ,TSUTAYA西友町田店,東京都,31791,/event/detail/31791/result,9,0014087325,わたる,k5FfVV-8TBINR-kkVkFV,40295,望遠スコープ,1
2022-11-20,2022-11-20 11:00:00,シティリーグ,シティリーグ2023 シーズン1 オープンリーグ,TSUTAYA西友町田店,東京都,31791,/event/detail/31791/result,9,0014087325,わたる,k5FfVV-8TBINR-kkVkFV,41899,アクロマの実験,4
2022-11-20,2022-11-20 11:00:00,シティリーグ,シティリーグ2023 シーズン1 オープンリーグ,TSUTAYA西友町田店,東京都,31791,/event/detail/31791/result,9,0014087325,わたる,k5FfVV-8TBINR-kkVkFV,41340,ボスの指令（アカギ）,1
2022-11-20,2022-11-20 11:00:00,シティリーグ,シティリーグ2023 シーズン1 オープンリーグ,TSUTAYA西友町田店,東京都,31791,/event/detail/31791/result,9,0014087325,わたる,k5FfVV-8TBINR-kkVkFV,41757,基本超エネルギー,3
2022-11-20,2022-11-20 11:00:00,シティリーグ,シティリーグ2023 シーズン1 オープンリーグ,TSUTAYA西友町田店,東京都,31791,/event/detail/31791/result,9,0014087325,わたる,k5FfVV-8TBINR-kkVkFV,41756,基本雷エネルギー,4
2022-11-20,2022-11-20 11:00:00,シティリーグ,シティリーグ2023 シーズン1 オープンリーグ,TSUTAYA西友町田店,東京都,31791,/event/detail/31791/result,9,0014087325,わたる,k5FfVV-8TBINR-kkVkFV,41755,基本水エネルギー,5
2022-11-20,2022-11-20 11:00:00,シティリーグ,シティリーグ2023 シーズン1 オープンリーグ,TSUTAYA西友町田店,東京都,31791,/event/detail/31791/result,9,0014087325,わたる,k5FfVV-8TBINR-kkVkFV,38829,スピード雷エネルギー,2
2022-11-20,2022-11-20 11:00:00,シティリーグ,シティリーグ2023 シーズン1 オープンリーグ,TSUTAYA西友町田店,東京都,31791,/event/detail/31791/result,9,0014491661,zero,L6nLLn-K4qyFd-LNQNnL,42171,ルギアV,4
2022-11-20,2022-11-20 11:00:00,シティリーグ,シティリーグ2023 シーズン1 オープンリーグ,TSUTAYA西友町田店,東京都,31791,/event/detail/31791/result,9,0014491661,zero,L6nLLn-K4qyFd-LNQNnL,42172,ルギアVSTAR,3
2022-11-20,2022-11-20 11:00:00,シティリーグ,シティリーグ2023 シーズン1 オープンリーグ,TSUTAYA西友町田店,東京都,31791,/event/detail/31791/result,9,0014491661,zero,L6nLLn-K4qyFd-LNQNnL,42175,アーケオス,3
2022-11-20,2022-11-20 11:00:00,シティリーグ,シティリーグ2023 シーズン1 オープンリーグ,TSUTAYA西友町田店,東京都,31791,/event/detail/31791/result,9,0014491661,zero,L6nLLn-K4qyFd-LNQNnL,41692,かがやくリザードン,1
2022-11-20,2022-11-20 11:00:00,シティリーグ,シティリーグ2023 シーズン1 オープンリーグ,TSUTAYA西友町田店,東京都,31791,/event/detail/31791/result,9,0014491661,zero,L6nLLn-K4qyFd-LNQNnL,38762,イベルタル,1
2022-11-20,2022-11-20 11:00:00,シティリーグ,シティリーグ2023 シーズン1 オープンリーグ,TSUTAYA西友町田店,東京都,31791,/event/detail/31791/result,9,0014491661,zero,L6nLLn-K4qyFd-LNQNnL,40248,クロバットV,1
2022-11-20,2022-11-20 11:00:00,シティリーグ,シティリーグ2023 シーズン1 オープンリーグ,TSUTAYA西友町田店,東京都,31791,/event/detail/31791/result,9,0014491661,zero,L6nLLn-K4qyFd-LNQNnL,40932,ネオラントV,1
2022-11-20,2022-11-20 11:00:00,シティリーグ,シティリーグ2023 シーズン1 オープンリーグ,TSUTAYA西友町田店,東京都,31791,/event/detail/31791/result,9,0014491661,zero,L6nLLn-K4qyFd-LNQNnL,39685,バケッチャ,1
2022-11-20,2022-11-20 11:00:00,シティリーグ,シティリーグ2023 シーズン1 オープンリーグ,TSUTAYA西友町田店,東京都,31791,/event/detail/31791/result,9,0014491661,zero,L6nLLn-K4qyFd-LNQNnL,40933,マナフィ,1
2022-11-20,2022-11-20 11:00:00,シティリーグ,シティリーグ2023 シーズン1 オープンリーグ,TSUTAYA西友町田店,東京都,31791,/event/detail/31791/result,9,0014491661,zero,L6nLLn-K4qyFd-LNQNnL,40205,ゼクロム,1
2022-11-20,2022-11-20 11:00:00,シティリーグ,シティリーグ2023 シーズン1 オープンリーグ,TSUTAYA西友町田店,東京都,31791,/event/detail/31791/result,9,0014491661,zero,L6nLLn-K4qyFd-LNQNnL,38666,レシラム,1
2022-11-20,2022-11-20 11:00:00,シティリーグ,シティリーグ2023 シーズン1 オープンリーグ,TSUTAYA西友町田店,東京都,31791,/event/detail/31791/result,9,0014491661,zero,L6nLLn-K4qyFd-LNQNnL,41331,クイックボール,4
2022-11-20,2022-11-20 11:00:00,シティリーグ,シティリーグ2023 シーズン1 オープンリーグ,TSUTAYA西友町田店,東京都,31791,/event/detail/31791/result,9,0014491661,zero,L6nLLn-K4qyFd-LNQNnL,40132,しんかのおこう,4
2022-11-20,2022-11-20 11:00:00,シティリーグ,シティリーグ2023 シーズン1 オープンリーグ,TSUTAYA西友町田店,東京都,31791,/event/detail/31791/result,9,0014491661,zero,L6nLLn-K4qyFd-LNQNnL,41120,ハイパーボール,4
2022-11-20,2022-11-20 11:00:00,シティリーグ,シティリーグ2023 シーズン1 オープンリーグ,TSUTAYA西友町田店,東京都,31791,/event/detail/31791/result,9,0014491661,zero,L6nLLn-K4qyFd-LNQNnL,41313,こだわりベルト,2
2022-11-20,2022-11-20 11:00:00,シティリーグ,シティリーグ2023 シーズン1 オープンリーグ,TSUTAYA西友町田店,東京都,31791,/event/detail/31791/result,9,0014491661,zero,L6nLLn-K4qyFd-LNQNnL,42025,セレナ,3
2022-11-20,2022-11-20 11:00:00,シティリーグ,シティリーグ2023 シーズン1 オープンリーグ,TSUTAYA西友町田店,東京都,31791,/event/detail/31791/result,9,0014491661,zero,L6nLLn-K4qyFd-LNQNnL,41131,マリィ,1
2022-11-20,2022-11-20 11:00:00,シティリーグ,シティリーグ2023 シーズン1 オープンリーグ,TSUTAYA西友町田店,東京都,31791,/event/detail/31791/result,9,0014491661,zero,L6nLLn-K4qyFd-LNQNnL,38860,博士の研究（アララギ博士）,3
2022-11-20,2022-11-20 11:00:00,シティリーグ,シティリーグ2023 シーズン1 オープンリーグ,TSUTAYA西友町田店,東京都,31791,/event/detail/31791/result,9,0014491661,zero,L6nLLn-K4qyFd-LNQNnL,38817,とりつかい,1
2022-11-20,2022-11-20 11:00:00,シティリーグ,シティリーグ2023 シーズン1 オープンリーグ,TSUTAYA西友町田店,東京都,31791,/event/detail/31791/result,9,0014491661,zero,L6nLLn-K4qyFd-LNQNnL,40999,ボスの指令（アカギ）,2
2022-11-20,2022-11-20 11:00:00,シティリーグ,シティリーグ2023 シーズン1 オープンリーグ,TSUTAYA西友町田店,東京都,31791,/event/detail/31791/result,9,0014491661,zero,L6nLLn-K4qyFd-LNQNnL,41000,崩れたスタジアム,1
2022-11-20,2022-11-20 11:00:00,シティリーグ,シティリーグ2023 シーズン1 オープンリーグ,TSUTAYA西友町田店,東京都,31791,/event/detail/31791/result,9,0014491661,zero,L6nLLn-K4qyFd-LNQNnL,42028,ダブルターボエネルギー,2
2022-11-20,2022-11-20 11:00:00,シティリーグ,シティリーグ2023 シーズン1 オープンリーグ,TSUTAYA西友町田店,東京都,31791,/event/detail/31791/result,9,0014491661,zero,L6nLLn-K4qyFd-LNQNnL,40330,オーロラエネルギー,4
2022-11-20,2022-11-20 11:00:00,シティリーグ,シティリーグ2023 シーズン1 オープンリーグ,TSUTAYA西友町田店,東京都,31791,/event/detail/31791/result,9,0014491661,zero,L6nLLn-K4qyFd-LNQNnL,40328,パワフル無色エネルギー,4
2022-11-20,2022-11-20 11:00:00,シティリーグ,シティリーグ2023 シーズン1 オープンリーグ,TSUTAYA西友町田店,東京都,31791,/event/detail/31791/result,9,0014491661,zero,L6nLLn-K4qyFd-LNQNnL,40332,ツインエネルギー,1
2022-11-20,2022-11-20 11:00:00,シティリーグ,シティリーグ2023 シーズン1 オープンリーグ,TSUTAYA西友町田店,東京都,31791,/event/detail/31791/result,9,0014491661,zero,L6nLLn-K4qyFd-LNQNnL,38829,スピード雷エネルギー,2
2022-11-20,2022-11-20 11:00:00,シティリーグ,シティリーグ2023 シーズン1 オープンリーグ,TSUTAYA西友町田店,東京都,31791,/event/detail/31791/result,9,0014491661,zero,L6nLLn-K4qyFd-LNQNnL,38828,ヒート炎エネルギー,2
2022-11-20,2022-11-20 11:00:00,シティリーグ,シティリーグ2023 シーズン1 オープンリーグ,TSUTAYA西友町田店,東京都,31791,/event/detail/31791/result,9,0014491661,zero,L6nLLn-K4qyFd-LNQNnL,40331,キャプチャーエネルギー,2
2022-11-20,2022-11-20 11:00:00,シティリーグ,シティリーグ2023 シーズン1 オープンリーグ,TSUTAYA西友町田店,東京都,31791,/event/detail/31791/result,9,0000115412,ヤナギブソン,FvFVwv-qy1mLO-kVkkFV,38241,クワガノンV,3
2022-11-20,2022-11-20 11:00:00,シティリーグ,シティリーグ2023 シーズン1 オープンリーグ,TSUTAYA西友町田店,東京都,31791,/event/detail/31791/result,9,0000115412,ヤナギブソン,FvFVwv-qy1mLO-kVkkFV,41347,ネオラントV,1
2022-11-20,2022-11-20 11:00:00,シティリーグ,シティリーグ2023 シーズン1 オープンリーグ,TSUTAYA西友町田店,東京都,31791,/event/detail/31791/result,9,0000115412,ヤナギブソン,FvFVwv-qy1mLO-kVkkFV,38487,クロバットV,1
2022-11-20,2022-11-20 11:00:00,シティリーグ,シティリーグ2023 シーズン1 オープンリーグ,TSUTAYA西友町田店,東京都,31791,/event/detail/31791/result,9,0000115412,ヤナギブソン,FvFVwv-qy1mLO-kVkkFV,42082,ドラピオンV,1
2022-11-20,2022-11-20 11:00:00,シティリーグ,シティリーグ2023 シーズン1 オープンリーグ,TSUTAYA西友町田店,東京都,31791,/event/detail/31791/result,9,0000115412,ヤナギブソン,FvFVwv-qy1mLO-kVkkFV,41871,ドラピオンVSTAR,1
2022-11-20,2022-11-20 11:00:00,シティリーグ,シティリーグ2023 シーズン1 オープンリーグ,TSUTAYA西友町田店,東京都,31791,/event/detail/31791/result,9,0000115412,ヤナギブソン,FvFVwv-qy1mLO-kVkkFV,42125,レジエレキV,3
2022-11-20,2022-11-20 11:00:00,シティリーグ,シティリーグ2023 シーズン1 オープンリーグ,TSUTAYA西友町田店,東京都,31791,/event/detail/31791/result,9,0000115412,ヤナギブソン,FvFVwv-qy1mLO-kVkkFV,42126,レジエレキVMAX,3
2022-11-20,2022-11-20 11:00:00,シティリーグ,シティリーグ2023 シーズン1 オープンリーグ,TSUTAYA西友町田店,東京都,31791,/event/detail/31791/result,9,0000115412,ヤナギブソン,FvFVwv-qy1mLO-kVkkFV,41546,かがやくサーナイト,1
2022-11-20,2022-11-20 11:00:00,シティリーグ,シティリーグ2023 シーズン1 オープンリーグ,TSUTAYA西友町田店,東京都,31791,/event/detail/31791/result,9,0000115412,ヤナギブソン,FvFVwv-qy1mLO-kVkkFV,40379,ライコウV,1
2022-11-20,2022-11-20 11:00:00,シティリーグ,シティリーグ2023 シーズン1 オープンリーグ,TSUTAYA西友町田店,東京都,31791,/event/detail/31791/result,9,0000115412,ヤナギブソン,FvFVwv-qy1mLO-kVkkFV,41331,クイックボール,3
2022-11-20,2022-11-20 11:00:00,シティリーグ,シティリーグ2023 シーズン1 オープンリーグ,TSUTAYA西友町田店,東京都,31791,/event/detail/31791/result,9,0000115412,ヤナギブソン,FvFVwv-qy1mLO-kVkkFV,28662,ハイパーボール,4
2022-11-20,2022-11-20 11:00:00,シティリーグ,シティリーグ2023 シーズン1 オープンリーグ,TSUTAYA西友町田店,東京都,31791,/event/detail/31791/result,9,0000115412,ヤナギブソン,FvFVwv-qy1mLO-kVkkFV,40840,クラッシュハンマー,4
2022-11-20,2022-11-20 11:00:00,シティリーグ,シティリーグ2023 シーズン1 オープンリーグ,TSUTAYA西友町田店,東京都,31791,/event/detail/31791/result,9,0000115412,ヤナギブソン,FvFVwv-qy1mLO-kVkkFV,41937,こだわりベルト,1
2022-11-20,2022-11-20 11:00:00,シティリーグ,シティリーグ2023 シーズン1 オープンリーグ,TSUTAYA西友町田店,東京都,31791,/event/detail/31791/result,9,0000115412,ヤナギブソン,FvFVwv-qy1mLO-kVkkFV,38230,タフネスマント,2
2022-11-20,2022-11-20 11:00:00,シティリーグ,シティリーグ2023 シーズン1 オープンリーグ,TSUTAYA西友町田店,東京都,31791,/event/detail/31791/result,9,0000115412,ヤナギブソン,FvFVwv-qy1mLO-kVkkFV,41126,ふうせん,2
2022-11-20,2022-11-20 11:00:00,シティリーグ,シティリーグ2023 シーズン1 オープンリーグ,TSUTAYA西友町田店,東京都,31791,/event/detail/31791/result,9,0000115412,ヤナギブソン,FvFVwv-qy1mLO-kVkkFV,31965,あなぬけのヒモ,1
2022-11-20,2022-11-20 11:00:00,シティリーグ,シティリーグ2023 シーズン1 オープンリーグ,TSUTAYA西友町田店,東京都,31791,/event/detail/31791/result,9,0000115412,ヤナギブソン,FvFVwv-qy1mLO-kVkkFV,27226,エネルギー転送,1
2022-11-20,2022-11-20 11:00:00,シティリーグ,シティリーグ2023 シーズン1 オープンリーグ,TSUTAYA西友町田店,東京都,31791,/event/detail/31791/result,9,0000115412,ヤナギブソン,FvFVwv-qy1mLO-kVkkFV,42184,森の封印石,2
2022-11-20,2022-11-20 11:00:00,シティリーグ,シティリーグ2023 シーズン1 オープンリーグ,TSUTAYA西友町田店,東京都,31791,/event/detail/31791/result,9,0000115412,ヤナギブソン,FvFVwv-qy1mLO-kVkkFV,39537,メロン,4
2022-11-20,2022-11-20 11:00:00,シティリーグ,シティリーグ2023 シーズン1 オープンリーグ,TSUTAYA西友町田店,東京都,31791,/event/detail/31791/result,9,0000115412,ヤナギブソン,FvFVwv-qy1mLO-kVkkFV,41094,博士の研究（アララギ博士）,2
2022-11-20,2022-11-20 11:00:00,シティリーグ,シティリーグ2023 シーズン1 オープンリーグ,TSUTAYA西友町田店,東京都,31791,/event/detail/31791/result,9,0000115412,ヤナギブソン,FvFVwv-qy1mLO-kVkkFV,37883,マリィ,3
2022-11-20,2022-11-20 11:00:00,シティリーグ,シティリーグ2023 シーズン1 オープンリーグ,TSUTAYA西友町田店,東京都,31791,/event/detail/31791/result,9,0000115412,ヤナギブソン,FvFVwv-qy1mLO-kVkkFV,38062,ボスの指令（サカキ）,2
2022-11-20,2022-11-20 11:00:00,シティリーグ,シティリーグ2023 シーズン1 オープンリーグ,TSUTAYA西友町田店,東京都,31791,/event/detail/31791/result,9,0000115412,ヤナギブソン,FvFVwv-qy1mLO-kVkkFV,39802,嵐の山脈,2
2022-11-20,2022-11-20 11:00:00,シティリーグ,シティリーグ2023 シーズン1 オープンリーグ,TSUTAYA西友町田店,東京都,31791,/event/detail/31791/result,9,0000115412,ヤナギブソン,FvFVwv-qy1mLO-kVkkFV,30967,基本水エネルギー,5
2022-11-20,2022-11-20 11:00:00,シティリーグ,シティリーグ2023 シーズン1 オープンリーグ,TSUTAYA西友町田店,東京都,31791,/event/detail/31791/result,9,0000115412,ヤナギブソン,FvFVwv-qy1mLO-kVkkFV,31078,基本雷エネルギー,3
2022-11-20,2022-11-20 11:00:00,シティリーグ,シティリーグ2023 シーズン1 オープンリーグ,TSUTAYA西友町田店,東京都,31791,/event/detail/31791/result,9,0000115412,ヤナギブソン,FvFVwv-qy1mLO-kVkkFV,37978,スピード雷エネルギー,4
2022-11-20,2022-11-20 11:00:00,シティリーグ,シティリーグ2023 シーズン1 オープンリーグ,TSUTAYA西友町田店,東京都,31791,/event/detail/31791/result,9,0014520192,ともお,LLg6ng-1fwRc3-LHn9Lg,40002,ミュウVMAX,3
2022-11-20,2022-11-20 11:00:00,シティリーグ,シティリーグ2023 シーズン1 オープンリーグ,TSUTAYA西友町田店,東京都,31791,/event/detail/31791/result,9,0014520192,ともお,LLg6ng-1fwRc3-LHn9Lg,40001,ミュウV,4
2022-11-20,2022-11-20 11:00:00,シティリーグ,シティリーグ2023 シーズン1 オープンリーグ,TSUTAYA西友町田店,東京都,31791,/event/detail/31791/result,9,0014520192,ともお,LLg6ng-1fwRc3-LHn9Lg,40031,ゲノセクトV,4
2022-11-20,2022-11-20 11:00:00,シティリーグ,シティリーグ2023 シーズン1 オープンリーグ,TSUTAYA西友町田店,東京都,31791,/event/detail/31791/result,9,0014520192,ともお,LLg6ng-1fwRc3-LHn9Lg,40010,メロエッタ,2
2022-11-20,2022-11-20 11:00:00,シティリーグ,シティリーグ2023 シーズン1 オープンリーグ,TSUTAYA西友町田店,東京都,31791,/event/detail/31791/result,9,0014520192,ともお,LLg6ng-1fwRc3-LHn9Lg,40007,デオキシス,1
2022-11-20,2022-11-20 11:00:00,シティリーグ,シティリーグ2023 シーズン1 オープンリーグ,TSUTAYA西友町田店,東京都,31791,/event/detail/31791/result,9,0014520192,ともお,LLg6ng-1fwRc3-LHn9Lg,40053,バトルVIPパス,4
2022-11-20,2022-11-20 11:00:00,シティリーグ,シティリーグ2023 シーズン1 オープンリーグ,TSUTAYA西友町田店,東京都,31791,/event/detail/31791/result,9,0014520192,ともお,LLg6ng-1fwRc3-LHn9Lg,40054,パワータブレット,4
2022-11-20,2022-11-20 11:00:00,シティリーグ,シティリーグ2023 シーズン1 オープンリーグ,TSUTAYA西友町田店,東京都,31791,/event/detail/31791/result,9,0014520192,ともお,LLg6ng-1fwRc3-LHn9Lg,40992,こだわりベルト,2
2022-11-20,2022-11-20 11:00:00,シティリーグ,シティリーグ2023 シーズン1 オープンリーグ,TSUTAYA西友町田店,東京都,31791,/event/detail/31791/result,9,0014520192,ともお,LLg6ng-1fwRc3-LHn9Lg,39668,ウッウロボ,3
2022-11-20,2022-11-20 11:00:00,シティリーグ,シティリーグ2023 シーズン1 オープンリーグ,TSUTAYA西友町田店,東京都,31791,/event/detail/31791/result,9,0014520192,ともお,LLg6ng-1fwRc3-LHn9Lg,39546,クイックボール,4
2022-11-20,2022-11-20 11:00:00,シティリーグ,シティリーグ2023 シーズン1 オープンリーグ,TSUTAYA西友町田店,東京都,31791,/event/detail/31791/result,9,0014520192,ともお,LLg6ng-1fwRc3-LHn9Lg,41168,ハイパーボール,4
2022-11-20,2022-11-20 11:00:00,シティリーグ,シティリーグ2023 シーズン1 オープンリーグ,TSUTAYA西友町田店,東京都,31791,/event/detail/31791/result,9,0014520192,ともお,LLg6ng-1fwRc3-LHn9Lg,42184,森の封印石,2
2022-11-20,2022-11-20 11:00:00,シティリーグ,シティリーグ2023 シーズン1 オープンリーグ,TSUTAYA西友町田店,東京都,31791,/event/detail/31791/result,9,0014520192,ともお,LLg6ng-1fwRc3-LHn9Lg,38366,ともだちてちょう,1
2022-11-20,2022-11-20 11:00:00,シティリーグ,シティリーグ2023 シーズン1 オープンリーグ,TSUTAYA西友町田店,東京都,31791,/event/detail/31791/result,9,0014520192,ともお,LLg6ng-1fwRc3-LHn9Lg,41897,ロストスイーパー,1
2022-11-20,2022-11-20 11:00:00,シティリーグ,シティリーグ2023 シーズン1 オープンリーグ,TSUTAYA西友町田店,東京都,31791,/event/detail/31791/result,9,0014520192,ともお,LLg6ng-1fwRc3-LHn9Lg,41170,ポケモンキャッチャー,3
2022-11-20,2022-11-20 11:00:00,シティリーグ,シティリーグ2023 シーズン1 オープンリーグ,TSUTAYA西友町田店,東京都,31791,/event/detail/31791/result,9,0014520192,ともお,LLg6ng-1fwRc3-LHn9Lg,41421,いれかえカート,2
2022-11-20,2022-11-20 11:00:00,シティリーグ,シティリーグ2023 シーズン1 オープンリーグ,TSUTAYA西友町田店,東京都,31791,/event/detail/31791/result,9,0014520192,ともお,LLg6ng-1fwRc3-LHn9Lg,41096,ボスの指令（フラダリ）,1
2022-11-20,2022-11-20 11:00:00,シティリーグ,シティリーグ2023 シーズン1 オープンリーグ,TSUTAYA西友町田店,東京都,31791,/event/detail/31791/result,9,0014520192,ともお,LLg6ng-1fwRc3-LHn9Lg,40999,ボスの指令（アカギ）,1
2022-11-20,2022-11-20 11:00:00,シティリーグ,シティリーグ2023 シーズン1 オープンリーグ,TSUTAYA西友町田店,東京都,31791,/event/detail/31791/result,9,0014520192,ともお,LLg6ng-1fwRc3-LHn9Lg,39554,マリィ,1
2022-11-20,2022-11-20 11:00:00,シティリーグ,シティリーグ2023 シーズン1 オープンリーグ,TSUTAYA西友町田店,東京都,31791,/event/detail/31791/result,9,0014520192,ともお,LLg6ng-1fwRc3-LHn9Lg,40058,カミツレのきらめき,2
2022-11-20,2022-11-20 11:00:00,シティリーグ,シティリーグ2023 シーズン1 オープンリーグ,TSUTAYA西友町田店,東京都,31791,/event/detail/31791/result,9,0014520192,ともお,LLg6ng-1fwRc3-LHn9Lg,42071,セレナ,1
2022-11-20,2022-11-20 11:00:00,シティリーグ,シティリーグ2023 シーズン1 オープンリーグ,TSUTAYA西友町田店,東京都,31791,/event/detail/31791/result,9,0014520192,ともお,LLg6ng-1fwRc3-LHn9Lg,41903,ロストシティ,2
2022-11-20,2022-11-20 11:00:00,シティリーグ,シティリーグ2023 シーズン1 オープンリーグ,TSUTAYA西友町田店,東京都,31791,/event/detail/31791/result,9,0014520192,ともお,LLg6ng-1fwRc3-LHn9Lg,41495,シンオウ神殿,1
2022-11-20,2022-11-20 11:00:00,シティリーグ,シティリーグ2023 シーズン1 オープンリーグ,TSUTAYA西友町田店,東京都,31791,/event/detail/31791/result,9,0014520192,ともお,LLg6ng-1fwRc3-LHn9Lg,40062,フュージョンエネルギー,4
2022-11-20,2022-11-20 11:00:00,シティリーグ,シティリーグ2023 シーズン1 オープンリーグ,TSUTAYA西友町田店,東京都,31791,/event/detail/31791/result,9,0014520192,ともお,LLg6ng-1fwRc3-LHn9Lg,41002,ダブルターボエネルギー,3
