master_id,expansion,cn,card_type,sub_type,name,ability,move1,move2,regulation,official_id,copyright
sv-p_001_SV-P,SV-P,001/SV-P,ポケモン,雷,ピカチュウ,,みんなでぼうけん,,G,42261,False
sv-p_002_SV-P,SV-P,002/SV-P,ポケモン,草,ワナイダー,,いとでしばる,ジェットヘッド,G,42815,False
sv-p_003_SV-P,SV-P,003/SV-P,ポケモン,炎,ウインディ,,かみくだく,ほのおのたてがみ,G,42816,False
sv-p_004_SV-P,SV-P,004/SV-P,ポケモン,水,ヘイラッシャ,,ぶちかます,ひっさつウェーブ,G,42817,False
sv-p_005_SV-P,SV-P,005/SV-P,ポケモン,雷,ミライドン,,するどいキバ,ライトニングレーザー,G,42818,False
sv-p_006_SV-P,SV-P,006/SV-P,ポケモン,闘,クエスパトラ,,オーロラゲイン,ちょうねんりき,G,42819,False
sv-p_007_SV-P,SV-P,007/SV-P,ポケモン,闘,コライドン,,ツメできりさく,ランページファング,G,42820,False
sv-p_008_SV-P,SV-P,008/SV-P,ポケモン,闘,パフュートン,,ぶつかる,レッグスタンプ,G,42821,False
sv-p_009_SV-P,SV-P,009/SV-P,ポケモン,闘,モトトカゲex,,パワーラン,フルスロットル,G,42822,False
sv-p_010_SV-P,SV-P,010/SV-P,トレーナーズ,グッズ,モンスターボール,,,,G,42901,False
sv-p_011_SV-P,SV-P,011/SV-P,トレーナーズ,グッズ,ポケモンいれかえ,,,,G,42902,False
sv-p_012_SV-P,SV-P,012/SV-P,トレーナーズ,サポート,ネモ,,,,G,42903,False
sv-p_013_SV-P,SV-P,013/SV-P,ポケモン,雷,ロトム,,ジャンクハント,でんきショック,G,43117,False
sv-p_014_SV-P,SV-P,014/SV-P,トレーナーズ,グッズ,クラッシュハンマー,,,,G,43118,False
sv-p_015_SV-P,SV-P,015/SV-P,トレーナーズ,グッズ,ネストボール,,,,G,43119,False
sv-p_016_SV-P,SV-P,016/SV-P,トレーナーズ,グッズ,ふしぎなアメ,,,,G,43120,False
sv-p_017_SV-P,SV-P,017/SV-P,トレーナーズ,グッズ,ポケモンいれかえ,,,,G,43121,False
sv-p_018_SV-P,SV-P,018/SV-P,トレーナーズ,ポケモンのどうぐ,学習装置,,,,G,43122,False
sv-p_019_SV-P,SV-P,019/SV-P,トレーナーズ,ポケモンのどうぐ,げんきのハチマキ,,,,G,43123,False
sv-p_020_SV-P,SV-P,020/SV-P,トレーナーズ,サポート,ジニア,,,,G,43124,False
sv-p_021_SV-P,SV-P,021/SV-P,トレーナーズ,サポート,博士の研究（オーリム博士）,,,,G,43125,False
sv-p_022_SV-P,SV-P,022/SV-P,トレーナーズ,サポート,博士の研究（フトゥー博士）,,,,G,43126,False
sv-p_023_SV-P,SV-P,023/SV-P,ポケモン,草,ミニーブ,,えいようそ,しるをとばす,G,42914,False
sv-p_024_SV-P,SV-P,024/SV-P,ポケモン,炎,ガーディ,,もえあがる,ほのおのツメ,G,42915,False
sv-p_025_SV-P,SV-P,025/SV-P,ポケモン,雷,モココ,,バチバチ,げきでんりゅう,G,42916,False
sv-p_026_SV-P,SV-P,026/SV-P,ポケモン,闘,ハカドッグ,,ほりだす,ホロウショット,G,42917,False
sv-p_027_SV-P,SV-P,027/SV-P,ポケモン,草,ガケガニex,はんげきバサミ,フォーリングプレス,,G,42918,False
sv-p_028_SV-P,SV-P,028/SV-P,ポケモン,草,ブロロン,,どくガス,,G,42919,False
sv-p_029_SV-P,SV-P,029/SV-P,トレーナーズ,サポート,コルサ,,,,G,42920,False
sv-p_030_SV-P,SV-P,030/SV-P,トレーナーズ,サポート,ペパー,,,,G,42921,False
sv-p_031_SV-P,SV-P,031/SV-P,ポケモン,闘,イーブイ,,なかまをよぶ,たいあたり,G,42964,False
sv-p_033_SV-P,SV-P,033/SV-P,ポケモン,闘,イーブイ,,なかまをよぶ,たいあたり,G,42965,False
sv-p_034_SV-P,SV-P,034/SV-P,ポケモン,闘,ルチャブル,フライングエントリー,つばさでうつ,,G,43127,False
sv-p_035_SV-P,SV-P,035/SV-P,ポケモン,雷,パモ,,バチッとビンタ,,G,43128,False
sv-p_036_SV-P,SV-P,036/SV-P,ポケモン,炎,カルボウ,,ヒートブラスト,,G,42952,False
sv-p_045_SV-P,SV-P,045/SV-P,トレーナーズ,グッズ,ふしぎなアメ,,,,G,43129,False
sv-p_046_SV-P,SV-P,046/SV-P,トレーナーズ,サポート,ネモ,,,,G,43130,False
sv-p_047_SV-P,SV-P,047/SV-P,トレーナーズ,サポート,ネモ,,,,G,43131,False
sv-p_048_SV-P,SV-P,048/SV-P,ポケモン,雷,ミライドン,,するどいキバ,ライトニングレーザー,G,43132,False
sv-p_049_SV-P,SV-P,049/SV-P,ポケモン,闘,コライドン,,ツメできりさく,ランページファング,G,43133,False
sv-p_050_SV-P,SV-P,050/SV-P,ポケモン,草,クヌギダマ,,ころがる,,G,43306,False
sv-p_051_SV-P,SV-P,051/SV-P,ポケモン,水,セゴール,,するどいひれ,フロストスマッシュ,G,43307,False
sv-p_052_SV-P,SV-P,052/SV-P,ポケモン,雷,ハラバリー,,でんじは,ふたこぶボルト,G,43308,False
sv-p_053_SV-P,SV-P,053/SV-P,ポケモン,闘,ヤバチャ,,さめたおちゃ,,G,43309,False
sv-p_054_SV-P,SV-P,054/SV-P,ポケモン,草,ドジョッチ,,かくれる,どろかけ,G,43310,False
sv-p_055_SV-P,SV-P,055/SV-P,ポケモン,草,マフィティフex,,ひるませる,プライドファング,G,43311,False
sv-p_056_SV-P,SV-P,056/SV-P,トレーナーズ,サポート,シュウメイ,,,,G,43312,False
sv-p_057_SV-P,SV-P,057/SV-P,トレーナーズ,サポート,ボタン,,,,G,43313,False
sv-p_DAR,SV-P,DAR,エネルギー,悪,基本悪エネルギー,,,,-,42962,False
sv-p_FIG,SV-P,FIG,エネルギー,闘,基本闘エネルギー,,,,-,42961,False
sv-p_FIR,SV-P,FIR,エネルギー,炎,基本炎エネルギー,,,,-,42957,False
sv-p_GRA,SV-P,GRA,エネルギー,草,基本草エネルギー,,,,-,42956,False
sv-p_LIG,SV-P,LIG,エネルギー,雷,基本雷エネルギー,,,,-,42959,False
sv-p_MET,SV-P,MET,エネルギー,鋼,基本鋼エネルギー,,,,-,42963,False
sv-p_PSY,SV-P,PSY,エネルギー,超,基本超エネルギー,,,,-,42960,False
sv-p_SV-P_42954,SV-P,SV-P,トレーナーズ,グッズ,勝利のしるし(2位),,,,G,42954,False
sv-p_SV-P_42955,SV-P,SV-P,トレーナーズ,グッズ,勝利のしるし(3位),,,,G,42955,False
sv-p_SV-P_43134,SV-P,SV-P,トレーナーズ,グッズ,勝利のしるし(優勝),,,,G,43134,False
sv-p_SV-P_43135,SV-P,SV-P,トレーナーズ,グッズ,勝利のしるし(2位),,,,G,43135,False
sv-p_SV-P_43136,SV-P,SV-P,トレーナーズ,グッズ,勝利のしるし(3位),,,,G,43136,False
sv-p_SV-P_42953,SV-P,SV-P,トレーナーズ,グッズ,勝利のしるし(優勝),,,,G,42953,False
sv-p_WAT,SV-P,WAT,エネルギー,水,基本水エネルギー,,,,-,42958,False
sv1a_001_073,SV1a,001/073,ポケモン,草,トロピウス,,リーフドレイン,なんごくのかぜ,G,42966,False
sv1a_002_073,SV1a,002/073,ポケモン,草,タマゲタケ,,もようでつる,たたく,G,42967,False
sv1a_003_073,SV1a,003/073,ポケモン,草,モロバレル,,あぶないほうし,,G,42968,False
sv1a_004_073,SV1a,004/073,ポケモン,草,ニャオハ,,ひざしをあつめる,タネばくだん,G,42969,False
sv1a_005_073,SV1a,005/073,ポケモン,草,ニャオハ,,ツメをたてる,,G,42970,False
sv1a_006_073,SV1a,006/073,ポケモン,草,ニャローテ,,タネばくだん,マジックウィップ,G,42971,False
sv1a_007_073,SV1a,007/073,ポケモン,草,マスカーニャex,ブーケマジック,スクラッチネイル,,G,42972,False
sv1a_008_073,SV1a,008/073,ポケモン,草,マメバッタ,,ちょっとはねる,むしくい,G,42973,False
sv1a_009_073,SV1a,009/073,ポケモン,草,マメバッタ,,けりつける,,G,42974,False
sv1a_010_073,SV1a,010/073,ポケモン,草,エクスレッグ,,アサルトキック,スピードアタック,G,42975,False
sv1a_011_073,SV1a,011/073,ポケモン,炎,パルデア ケンタロス,,いかりのつの,ブレイズダッシュ,G,42976,False
sv1a_012_073,SV1a,012/073,ポケモン,炎,メラルバ,,ほのお,とっしん,G,42977,False
sv1a_013_073,SV1a,013/073,ポケモン,炎,ウルガモス,,ほのおをまとう,ヒートブラスト,G,42978,False
sv1a_014_073,SV1a,014/073,ポケモン,炎,シシコ,,まるやけ,ひだね,G,42979,False
sv1a_015_073,SV1a,015/073,ポケモン,炎,カエンジシ,,こがす,かけぬける,G,42980,False
sv1a_016_073,SV1a,016/073,ポケモン,炎,オドリドリ,パッションダンス,はばたく,,G,42981,False
sv1a_017_073,SV1a,017/073,ポケモン,炎,ホゲータ,,たいあたり,,G,42982,False
sv1a_018_073,SV1a,018/073,ポケモン,炎,ホゲータ,,ぼーっとする,ほのお,G,42983,False
sv1a_019_073,SV1a,019/073,ポケモン,炎,アチゲータ,,ひをはく,ハイパーボイス,G,42984,False
sv1a_020_073,SV1a,020/073,ポケモン,炎,ラウドボーンex,,かつりょくのうた,バーニングボイス,G,42985,False
sv1a_021_073,SV1a,021/073,ポケモン,水,パルデア ケンタロス,,いかりのつの,ウォーターダイブ,G,42986,False
sv1a_022_073,SV1a,022/073,ポケモン,水,コイキング,,はねじょうず,,G,42987,False
sv1a_023_073,SV1a,023/073,ポケモン,水,ギャラドス,,リベンジストーム,あばれタックル,G,42988,False
sv1a_024_073,SV1a,024/073,ポケモン,水,デリバード,,ダブルドロー,アイスウイング,G,42989,False
sv1a_025_073,SV1a,025/073,ポケモン,水,ブイゼル,,でんこうせっか,,G,42990,False
sv1a_026_073,SV1a,026/073,ポケモン,水,フローゼル,,うずまきテール,たきのぼり,G,42991,False
sv1a_027_073,SV1a,027/073,ポケモン,水,クワッス,,ジェルかけ,,G,42992,False
sv1a_028_073,SV1a,028/073,ポケモン,水,クワッス,,とつげき,,G,42993,False
sv1a_029_073,SV1a,029/073,ポケモン,水,ウェルカモ,,みずでっぽう,スプラッシュ,G,42994,False
sv1a_030_073,SV1a,030/073,ポケモン,水,ウェーニバルex,,エキサイトサンバ,スクリューシュート,G,42995,False
sv1a_031_073,SV1a,031/073,ポケモン,雷,カイデン,,つつく,だんけつのつばさ,G,42996,False
sv1a_032_073,SV1a,032/073,ポケモン,雷,カイデン,,ふきあらす,はばたく,G,42997,False
sv1a_033_073,SV1a,033/073,ポケモン,雷,タイカイデン,,つつく,ジェットウイング,G,42998,False
sv1a_034_073,SV1a,034/073,ポケモン,闘,ムウマ,,さいみんはどう,,G,42999,False
sv1a_035_073,SV1a,035/073,ポケモン,闘,ムウマージ,マジカルフリック,ねんどうだん,,G,43000,False
sv1a_036_073,SV1a,036/073,ポケモン,闘,バネブー,,はねる,ぶつかる,G,43001,False
sv1a_037_073,SV1a,037/073,ポケモン,闘,ブーピッグ,,パワーステップ,しねんのずつき,G,43002,False
sv1a_038_073,SV1a,038/073,ポケモン,超,デデンネex,,テールスワップ,ワンダーショット,G,43003,False
sv1a_039_073,SV1a,039/073,ポケモン,闘,ヤレユータン,,さくしのぐんばい,ちょうねんりき,G,43004,False
sv1a_040_073,SV1a,040/073,ポケモン,超,カヌチャン,,もってくる,どつく,G,43005,False
sv1a_041_073,SV1a,041/073,ポケモン,超,カヌチャン,,ぶんまわす,,G,43006,False
sv1a_042_073,SV1a,042/073,ポケモン,超,ナカヌチャン,,なぐる,そこぢから,G,43007,False
sv1a_043_073,SV1a,043/073,ポケモン,超,デカヌチャン,そざいあつめ,スペシャルハンマー,,G,43008,False
sv1a_044_073,SV1a,044/073,ポケモン,草,ディグダ,,あなあけヘッド,,G,43009,False
sv1a_045_073,SV1a,045/073,ポケモン,草,ダグトリオ,,あなをほる,,G,43010,False
sv1a_046_073,SV1a,046/073,ポケモン,闘,パルデア ケンタロス,,いかりのつの,コンバットタックル,G,43011,False
sv1a_047_073,SV1a,047/073,ポケモン,闘,マクノシタ,,はりて,,G,43012,False
sv1a_048_073,SV1a,048/073,ポケモン,闘,ハリテヤマ,つっぱりげいこ,ロケットはりて,,G,43013,False
sv1a_049_073,SV1a,049/073,ポケモン,草,イワンコ,,いわおとし,かみつく,G,43014,False
sv1a_050_073,SV1a,050/073,ポケモン,草,ルガルガンex,,いわおとし,スケアリーファング,G,43015,False
sv1a_051_073,SV1a,051/073,ポケモン,闘,タイレーツ,,ずつき,いっしょにとつげき,G,43016,False
sv1a_052_073,SV1a,052/073,ポケモン,闘,パルデア ウパー,,ふむ,やんちゃげり,G,43017,False
sv1a_053_073,SV1a,053/073,ポケモン,闘,パルデア ウパー,,すみかをさがす,ぶつかる,G,43018,False
sv1a_054_073,SV1a,054/073,ポケモン,闘,パルデア ドオーex,どくのぬまち,ニードルボーン,,G,43019,False
sv1a_055_073,SV1a,055/073,ポケモン,草,ヤミラミ,,やみのひとみ,アサシンクロー,G,43020,False
sv1a_056_073,SV1a,056/073,ポケモン,闘,ハブネーク,,するどいキバ,ふりおろす,G,43021,False
sv1a_057_073,SV1a,057/073,ポケモン,草,モノズ,,おそいかかる,,G,43022,False
sv1a_058_073,SV1a,058/073,ポケモン,草,ジヘッド,,ともだちをさがす,とびだしヘッド,G,43023,False
sv1a_059_073,SV1a,059/073,ポケモン,草,サザンドラ,トライハウル,ダークカッター,,G,43024,False
sv1a_060_073,SV1a,060/073,ポケモン,闘,ヤトウモリ,,ガスでつつむ,ひっかく,G,43025,False
sv1a_061_073,SV1a,061/073,ポケモン,闘,エンニュート,,ガスでつつむ,ひっぱたく,G,43026,False
sv1a_062_073,SV1a,062/073,ポケモン,闘,ヤングース,,はねとばす,,G,43027,False
sv1a_063_073,SV1a,063/073,ポケモン,闘,デカグース,,ヘッドバング,かみくだく,G,43028,False
sv1a_064_073,SV1a,064/073,トレーナーズ,グッズ,スーパーエネルギー回収,,,,G,43029,False
sv1a_065_073,SV1a,065/073,トレーナーズ,グッズ,スーパーボール,,,,G,43030,False
sv1a_066_073,SV1a,066/073,トレーナーズ,サポート,キハダ,,,,G,43031,False
sv1a_067_073,SV1a,067/073,トレーナーズ,サポート,クラベル,,,,G,43032,False
sv1a_068_073,SV1a,068/073,トレーナーズ,サポート,ハヤト,,,,G,43033,False
sv1a_069_073,SV1a,069/073,トレーナーズ,サポート,ボスの指令（ゲーチス）,,,,G,43034,False
sv1a_070_073,SV1a,070/073,トレーナーズ,スタジアム,ボウルタウン,,,,G,43035,False
sv1a_071_073,SV1a,071/073,トレーナーズ,スタジアム,レッスンスタジオ,,,,G,43036,False
sv1a_072_073,SV1a,072/073,エネルギー,無,ジェットエネルギー,,,,G,43037,False
sv1a_073_073,SV1a,073/073,エネルギー,無,ルミナスエネルギー,,,,G,43038,False
sv1a_074_073,SV1a,074/073,ポケモン,草,トロピウス,,リーフドレイン,なんごくのかぜ,G,43279,False
sv1a_075_073,SV1a,075/073,ポケモン,草,ニャオハ,,ひざしをあつめる,タネばくだん,G,43280,False
sv1a_076_073,SV1a,076/073,ポケモン,草,ニャローテ,,タネばくだん,マジックウィップ,G,43281,False
sv1a_077_073,SV1a,077/073,ポケモン,炎,カエンジシ,,こがす,かけぬける,G,43282,False
sv1a_078_073,SV1a,078/073,ポケモン,炎,ホゲータ,,ぼーっとする,ほのお,G,43283,False
sv1a_079_073,SV1a,079/073,ポケモン,炎,アチゲータ,,ひをはく,ハイパーボイス,G,43284,False
sv1a_080_073,SV1a,080/073,ポケモン,水,コイキング,,はねじょうず,,G,43285,False
sv1a_081_073,SV1a,081/073,ポケモン,水,クワッス,,ジェルかけ,,G,43286,False
sv1a_082_073,SV1a,082/073,ポケモン,水,ウェルカモ,,みずでっぽう,スプラッシュ,G,43287,False
sv1a_083_073,SV1a,083/073,ポケモン,闘,ムウマージ,マジカルフリック,ねんどうだん,,G,43288,False
sv1a_084_073,SV1a,084/073,ポケモン,闘,パルデア ケンタロス,,いかりのつの,コンバットタックル,G,43289,False
sv1a_085_073,SV1a,085/073,ポケモン,闘,パルデア ウパー,,すみかをさがす,ぶつかる,G,43290,False
sv1a_086_073,SV1a,086/073,ポケモン,草,マスカーニャex,ブーケマジック,スクラッチネイル,,G,43291,False
sv1a_087_073,SV1a,087/073,ポケモン,炎,ラウドボーンex,,かつりょくのうた,バーニングボイス,G,43292,False
sv1a_088_073,SV1a,088/073,ポケモン,水,ウェーニバルex,,エキサイトサンバ,スクリューシュート,G,43293,False
sv1a_089_073,SV1a,089/073,ポケモン,超,デデンネex,,テールスワップ,ワンダーショット,G,43294,False
sv1a_090_073,SV1a,090/073,ポケモン,草,ルガルガンex,,いわおとし,スケアリーファング,G,43295,False
sv1a_091_073,SV1a,091/073,ポケモン,闘,パルデア ドオーex,どくのぬまち,ニードルボーン,,G,43296,False
sv1a_092_073,SV1a,092/073,トレーナーズ,サポート,キハダ,,,,G,43297,False
sv1a_093_073,SV1a,093/073,トレーナーズ,サポート,クラベル,,,,G,43298,False
sv1a_094_073,SV1a,094/073,トレーナーズ,サポート,ハヤト,,,,G,43299,False
sv1a_095_073,SV1a,095/073,トレーナーズ,サポート,ボスの指令（ゲーチス）,,,,G,43300,False
sv1a_096_073,SV1a,096/073,ポケモン,草,マスカーニャex,ブーケマジック,スクラッチネイル,,G,43301,False
sv1a_097_073,SV1a,097/073,ポケモン,炎,ラウドボーンex,,かつりょくのうた,バーニングボイス,G,43302,False
sv1a_098_073,SV1a,098/073,ポケモン,水,ウェーニバルex,,エキサイトサンバ,スクリューシュート,G,43303,False
sv1a_099_073,SV1a,099/073,トレーナーズ,サポート,キハダ,,,,G,43304,False
sv1a_100_073,SV1a,100/073,トレーナーズ,サポート,ボスの指令（ゲーチス）,,,,G,43305,False
sv1a_101_073,SV1a,101/073,ポケモン,草,マスカーニャex,ブーケマジック,スクラッチネイル,,G,,False
sv1a_102_073,SV1a,102/073,ポケモン,炎,ラウドボーンex,,かつりょくのうた,バーニングボイス,G,,False
sv1a_103_073,SV1a,103/073,ポケモン,水,ウェーニバルex,,エキサイトサンバ,スクリューシュート,G,,False
sv1s_001_078,SV1S,001/078,ポケモン,草,サボネア,はんげきばり,なぐる,,G,42547,False
sv1s_002_078,SV1S,002/078,ポケモン,草,ノクタス,はんげきばり,とげショット,,G,42548,False
sv1s_003_078,SV1S,003/078,ポケモン,草,メェークル,,つるのムチ,けとばす,G,42549,False
sv1s_004_078,SV1S,004/078,ポケモン,草,ゴーゴート,,つきあげる,ソーラービーム,G,42550,False
sv1s_005_078,SV1S,005/078,ポケモン,草,ミニーブ,,たいあたり,,G,42551,False
sv1s_006_078,SV1S,006/078,ポケモン,草,ミニーブ,,えいようそ,しるをとばす,G,42552,False
sv1s_007_078,SV1S,007/078,ポケモン,草,オリーニョ,,ビンタ,オイルかけ,G,42553,False
sv1s_008_078,SV1S,008/078,ポケモン,草,オリーヴァ,まんたんオイル,ソーラービーム,,G,42554,False
sv1s_009_078,SV1S,009/078,ポケモン,炎,コータス,,ふむ,しゅうちゅうほうか,G,42555,False
sv1s_010_078,SV1S,010/078,ポケモン,炎,カルボウ,,ひのこ,,G,42556,False
sv1s_011_078,SV1S,011/078,ポケモン,炎,カルボウ,,ヒートブラスト,,G,42557,False
sv1s_012_078,SV1S,012/078,ポケモン,炎,グレンアルマ,ひおくり,フレイムキャノン,,G,42558,False
sv1s_013_078,SV1S,013/078,ポケモン,水,コイキング,,はねとぶ,,G,42559,False
sv1s_014_078,SV1S,014/078,ポケモン,水,ギャラドスex,,たきのぼり,タイラントテール,G,42560,False
sv1s_015_078,SV1S,015/078,ポケモン,水,ブイゼル,,みずかけ,ひれカッター,G,42561,False
sv1s_016_078,SV1S,016/078,ポケモン,水,フローゼル,,ハイドロポンプ,,G,42562,False
sv1s_017_078,SV1S,017/078,ポケモン,水,ハギギシリ,,ビビッドチャージ,スプラッシュ,G,42563,False
sv1s_018_078,SV1S,018/078,ポケモン,水,ウミディグダ,,ひねりうち,,G,42564,False
sv1s_019_078,SV1S,019/078,ポケモン,水,ウミディグダ,,ちょっとほる,ぶつかる,G,42565,False
sv1s_020_078,SV1S,020/078,ポケモン,水,ウミトリオ,,ずつき,うみほりトンネル,G,42566,False
sv1s_021_078,SV1S,021/078,ポケモン,水,ヘイラッシャ,,いかりちらす,ヘビースプラッシュ,G,42567,False
sv1s_022_078,SV1S,022/078,ポケモン,水,シャリタツ,,したじゅんび,そりかえる,G,42568,False
sv1s_023_078,SV1S,023/078,ポケモン,雷,カイデン,,もってくる,かっくう,G,42569,False
sv1s_024_078,SV1S,024/078,ポケモン,雷,カイデン,,バチバチ,,G,42570,False
sv1s_025_078,SV1S,025/078,ポケモン,雷,タイカイデン,,ちょくげきひこう,サンダーブラスト,G,42571,False
sv1s_026_078,SV1S,026/078,ポケモン,闘,ラルトス,,サイコショット,,G,42572,False
sv1s_027_078,SV1S,027/078,ポケモン,闘,キルリア,,マジカルショット,サイコキネシス,G,42573,False
sv1s_028_078,SV1S,028/078,ポケモン,闘,サーナイトex,サイコエンブレイス,ミラクルフォース,,G,42574,False
sv1s_029_078,SV1S,029/078,ポケモン,闘,フワンテ,,かぜおこし,バルーンボム,G,42575,False
sv1s_030_078,SV1S,030/078,ポケモン,闘,フワライド,,かぜおこし,のろいをばらまく,G,42576,False
sv1s_031_078,SV1S,031/078,ポケモン,超,デデンネ,,エネかじり,,G,42577,False
sv1s_032_078,SV1S,032/078,ポケモン,超,パピモッチ,,うしろげり,,G,42578,False
sv1s_033_078,SV1S,033/078,ポケモン,超,パピモッチ,,もちもち,はねまわる,G,42579,False
sv1s_034_078,SV1S,034/078,ポケモン,炎,バウッツェル,こんがりボディ,とびだしヘッド,,G,42580,False
sv1s_035_078,SV1S,035/078,ポケモン,闘,ヒラヒナ,,かいてんアタック,,G,42581,False
sv1s_036_078,SV1S,036/078,ポケモン,闘,ヒラヒナ,,チョロダッシュ,,G,42582,False
sv1s_037_078,SV1S,037/078,ポケモン,闘,クエスパトラ,,がんりき,サイコキネシス,G,42583,False
sv1s_038_078,SV1S,038/078,ポケモン,闘,アサナン,,フェイント,,G,42584,False
sv1s_039_078,SV1S,039/078,ポケモン,闘,チャーレム,,ツボをねらう,いっぱつげり,G,42585,False
sv1s_040_078,SV1S,040/078,ポケモン,闘,リオル,,パンチ,とつげき,G,42586,False
sv1s_041_078,SV1S,041/078,ポケモン,闘,ルカリオ,,アベンジナックル,かそくづき,G,42587,False
sv1s_042_078,SV1S,042/078,ポケモン,草,メグロコ,,かじる,ぶつかる,G,42588,False
sv1s_043_078,SV1S,043/078,ポケモン,草,ワルビル,,しっぺがえし,どつく,G,42589,False
sv1s_044_078,SV1S,044/078,ポケモン,草,ワルビアル,,ガブガブバイト,じしん,G,42590,False
sv1s_045_078,SV1S,045/078,ポケモン,闘,ルチャブル,フライングエントリー,つばさでうつ,,G,42591,False
sv1s_046_078,SV1S,046/078,ポケモン,草,スナヘビ,,どろかけ,,G,42592,False
sv1s_047_078,SV1S,047/078,ポケモン,草,サダイジャ,,ロケットずつき,さじんふんしゃ,G,42593,False
sv1s_048_078,SV1S,048/078,ポケモン,草,ガケガニ,,はさむ,アドレナハンマー,G,42594,False
sv1s_049_078,SV1S,049/078,ポケモン,闘,イダイナキバex,,がんばんくずし,ギガントタスク,G,42595,False
sv1s_050_078,SV1S,050/078,ポケモン,闘,コライドンex,ディノクライ,ワイルドインパクト,,G,42596,False
sv1s_051_078,SV1S,051/078,ポケモン,闘,ベトベター,,どくのいき,,G,42597,False
sv1s_052_078,SV1S,052/078,ポケモン,闘,ベトベトン,どくぶくろ,ポイズンアタック,,G,42598,False
sv1s_053_078,SV1S,053/078,ポケモン,闘,ハブネーク,,どくえき,ベノムショック,G,42599,False
sv1s_054_078,SV1S,054/078,ポケモン,闘,グレッグル,,たたく,はりたおす,G,42600,False
sv1s_055_078,SV1S,055/078,ポケモン,闘,ドクロッグex,,わるだくみ,どくどくリッパー,G,42601,False
sv1s_056_078,SV1S,056/078,ポケモン,草,コマタナ,,ひっかく,つきさす,G,42602,False
sv1s_057_078,SV1S,057/078,ポケモン,草,キリキザン,,ダークカッター,もろはぎり,G,42603,False
sv1s_058_078,SV1S,058/078,ポケモン,草,ドドゲザン,とうそつりょく,ぶったぎり,,G,42604,False
sv1s_059_078,SV1S,059/078,ポケモン,草,ブロロン,,どくガス,,G,42605,False
sv1s_060_078,SV1S,060/078,ポケモン,草,ブロロン,,ぶちかます,,G,42606,False
sv1s_061_078,SV1S,061/078,ポケモン,草,ブロロローム,ランブルエンジン,はねとばす,,G,42607,False
sv1s_062_078,SV1S,062/078,ポケモン,闘,ザングース,,ひきずりだす,スラッシュクロー,G,42608,False
sv1s_063_078,SV1S,063/078,ポケモン,雷,ムックル,,はばたく,,G,42609,False
sv1s_064_078,SV1S,064/078,ポケモン,雷,ムクバード,,つばさでうつ,スピードひこう,G,42610,False
sv1s_065_078,SV1S,065/078,ポケモン,雷,ムクホーク,,きりもみアウェイ,パワーブラスト,G,42611,False
sv1s_066_078,SV1S,066/078,ポケモン,闘,グルトン,,てきよけスメル,ふむ,G,42612,False
sv1s_067_078,SV1S,067/078,ポケモン,闘,グルトン,,きまぐれタックル,,G,42613,False
sv1s_068_078,SV1S,068/078,ポケモン,闘,パフュートンex,,きょうらんのかおり,ヘビースタンプ,G,42614,False
sv1s_069_078,SV1S,069/078,トレーナーズ,グッズ,ともだちてちょう,,,,G,42615,False
sv1s_070_078,SV1S,070/078,トレーナーズ,グッズ,ネストボール,,,,G,42616,False
sv1s_071_078,SV1S,071/078,トレーナーズ,ポケモンのどうぐ,岩のむねあて,,,,G,42617,False
sv1s_072_078,SV1S,072/078,トレーナーズ,ポケモンのどうぐ,学習装置,,,,G,42618,False
sv1s_073_078,SV1S,073/078,トレーナーズ,ポケモンのどうぐ,まけんきハチマキ,,,,G,42619,False
sv1s_074_078,SV1S,074/078,トレーナーズ,サポート,ジニア,,,,G,42620,False
sv1s_075_078,SV1S,075/078,トレーナーズ,サポート,スター団のしたっぱ,,,,G,42621,False
sv1s_076_078,SV1S,076/078,トレーナーズ,サポート,博士の研究（オーリム博士）,,,,G,42622,False
sv1s_077_078,SV1S,077/078,トレーナーズ,サポート,ボタン,,,,G,42623,False
sv1s_078_078,SV1S,078/078,トレーナーズ,スタジアム,ビーチコート,,,,G,42624,False
sv1s_079_078,SV1S,079/078,ポケモン,草,オリーニョ,,ビンタ,オイルかけ,G,43039,False
sv1s_080_078,SV1S,080/078,ポケモン,炎,グレンアルマ,ひおくり,フレイムキャノン,,G,43040,False
sv1s_081_078,SV1S,081/078,ポケモン,水,ウミディグダ,,ひねりうち,,G,43041,False
sv1s_082_078,SV1S,082/078,ポケモン,水,ヘイラッシャ,,いかりちらす,ヘビースプラッシュ,G,43042,False
sv1s_083_078,SV1S,083/078,ポケモン,闘,ラルトス,,サイコショット,,G,43043,False
sv1s_084_078,SV1S,084/078,ポケモン,闘,キルリア,,マジカルショット,サイコキネシス,G,43044,False
sv1s_085_078,SV1S,085/078,ポケモン,超,パピモッチ,,もちもち,はねまわる,G,43045,False
sv1s_086_078,SV1S,086/078,ポケモン,闘,リオル,,パンチ,とつげき,G,43046,False
sv1s_087_078,SV1S,087/078,ポケモン,草,メグロコ,,かじる,ぶつかる,G,43047,False
sv1s_088_078,SV1S,088/078,ポケモン,草,ガケガニ,,はさむ,アドレナハンマー,G,43048,False
sv1s_089_078,SV1S,089/078,ポケモン,草,ドドゲザン,とうそつりょく,ぶったぎり,,G,43049,False
sv1s_090_078,SV1S,090/078,ポケモン,雷,ムックル,,はばたく,,G,43050,False
sv1s_091_078,SV1S,091/078,ポケモン,水,ギャラドスex,,たきのぼり,タイラントテール,G,43051,False
sv1s_092_078,SV1S,092/078,ポケモン,闘,サーナイトex,サイコエンブレイス,ミラクルフォース,,G,43052,False
sv1s_093_078,SV1S,093/078,ポケモン,闘,イダイナキバex,,がんばんくずし,ギガントタスク,G,43053,False
sv1s_094_078,SV1S,094/078,ポケモン,闘,コライドンex,ディノクライ,ワイルドインパクト,,G,43054,False
sv1s_095_078,SV1S,095/078,ポケモン,闘,ドクロッグex,,わるだくみ,どくどくリッパー,G,43055,False
sv1s_096_078,SV1S,096/078,ポケモン,闘,パフュートンex,,きょうらんのかおり,ヘビースタンプ,G,43056,False
sv1s_097_078,SV1S,097/078,トレーナーズ,サポート,ジニア,,,,G,43057,False
sv1s_098_078,SV1S,098/078,トレーナーズ,サポート,スター団のしたっぱ,,,,G,43058,False
sv1s_099_078,SV1S,099/078,トレーナーズ,サポート,博士の研究（オーリム博士）,,,,G,43059,False
sv1s_100_078,SV1S,100/078,トレーナーズ,サポート,ボタン,,,,G,43060,False
sv1s_101_078,SV1S,101/078,ポケモン,闘,サーナイトex,サイコエンブレイス,ミラクルフォース,,G,43061,False
sv1s_102_078,SV1S,102/078,ポケモン,闘,イダイナキバex,,がんばんくずし,ギガントタスク,G,43062,False
sv1s_103_078,SV1S,103/078,ポケモン,闘,コライドンex,ディノクライ,ワイルドインパクト,,G,43063,False
sv1s_104_078,SV1S,104/078,トレーナーズ,サポート,ジニア,,,,G,43064,False
sv1s_105_078,SV1S,105/078,トレーナーズ,サポート,ボタン,,,,G,43065,False
sv1s_106_078,SV1S,106/078,ポケモン,闘,コライドンex,ディノクライ,ワイルドインパクト,,G,,False
sv1s_107_078,SV1S,107/078,トレーナーズ,グッズ,ネストボール,,,,G,,False
sv1s_108_078,SV1S,108/078,エネルギー,闘,基本闘エネルギー,,,,-,,False
sv1v_001_078,SV1V,001/078,ポケモン,草,クヌギダマ,,ガードプレス,,G,42625,False
sv1v_002_078,SV1V,002/078,ポケモン,草,ヘラクロス,,かいりきなげ,つのでつく,G,42626,False
sv1v_003_078,SV1V,003/078,ポケモン,草,コフキムシ,てきおうしんか,たいあたり,,G,42627,False
sv1v_004_078,SV1V,004/078,ポケモン,草,コフーライ,てきおうしんか,むしくい,,G,42628,False
sv1v_005_078,SV1V,005/078,ポケモン,草,ビビヨン,,ミラクルパウダー,むしのさざめき,G,42629,False
sv1v_006_078,SV1V,006/078,ポケモン,草,タマンチュラ,,いとをはく,,G,42630,False
sv1v_007_078,SV1V,007/078,ポケモン,草,タマンチュラ,,ふいをつく,,G,42631,False
sv1v_008_078,SV1V,008/078,ポケモン,草,ワナイダーex,トラップテリトリー,ワイヤーハング,,G,42632,False
sv1v_009_078,SV1V,009/078,ポケモン,草,ノノクラゲ,,みだれげり,,G,42633,False
sv1v_010_078,SV1V,010/078,ポケモン,草,ノノクラゲ,,キノコのほうし,ぶつかる,G,42634,False
sv1v_011_078,SV1V,011/078,ポケモン,草,リククラゲ,,ぶきみなしょくしゅ,トリプルスマッシュ,G,42635,False
sv1v_012_078,SV1V,012/078,ポケモン,草,カプサイジ,,ピリから,,G,42636,False
sv1v_013_078,SV1V,013/078,ポケモン,草,カプサイジ,,からくなる,やんちゃげり,G,42637,False
sv1v_014_078,SV1V,014/078,ポケモン,草,スコヴィラン,,ホットバイト,げきからヒーハー,G,42638,False
sv1v_015_078,SV1V,015/078,ポケモン,炎,ガーディ,,もえあがる,ほのおのツメ,G,42639,False
sv1v_016_078,SV1V,016/078,ポケモン,炎,ウインディex,,いかりのツメ,ぐれんのほのお,G,42640,False
sv1v_017_078,SV1V,017/078,ポケモン,炎,デルビル,,かみつく,ほのお,G,42641,False
sv1v_018_078,SV1V,018/078,ポケモン,炎,ヘルガー,,するどいキバ,だいもんじ,G,42642,False
sv1v_019_078,SV1V,019/078,ポケモン,水,ヤドン,,ねむる,ずつき,G,42643,False
sv1v_020_078,SV1V,020/078,ポケモン,水,ヤドラン,へんなこうどう,バブルドレイン,,G,42644,False
sv1v_021_078,SV1V,021/078,ポケモン,水,ウデッポウ,,はさむ,,G,42645,False
sv1v_022_078,SV1V,022/078,ポケモン,水,ブロスター,,みずでっぽう,アクアキャノン,G,42646,False
sv1v_023_078,SV1V,023/078,ポケモン,水,アルクジラ,,たいあたり,,G,42647,False
sv1v_024_078,SV1V,024/078,ポケモン,水,アルクジラ,,つらら,するどいひれ,G,42648,False
sv1v_025_078,SV1V,025/078,ポケモン,水,ハルクジラ,,ぶちかます,スイーピングタックル,G,42649,False
sv1v_026_078,SV1V,026/078,ポケモン,雷,コイル,,はんぱつ,エレキボール,G,42650,False
sv1v_027_078,SV1V,027/078,ポケモン,雷,レアコイル,,ピッカリだま,だいばくはつ,G,42651,False
sv1v_028_078,SV1V,028/078,ポケモン,雷,ジバコイルex,,エナジークラッシュ,パルスランチャー,G,42652,False
sv1v_029_078,SV1V,029/078,ポケモン,雷,パチリス,でんきぶくろ,みんなでほうでん,,G,42653,False
sv1v_030_078,SV1V,030/078,ポケモン,雷,ロトム,,ジャンクハント,でんきショック,G,42654,False
sv1v_031_078,SV1V,031/078,ポケモン,雷,エレズン,,かじる,,G,42655,False
sv1v_032_078,SV1V,032/078,ポケモン,雷,ストリンダー,,むしりとる,かみなり,G,42656,False
sv1v_033_078,SV1V,033/078,ポケモン,雷,パモ,,プチショック,,G,42657,False
sv1v_034_078,SV1V,034/078,ポケモン,雷,パモ,,なぐる,エレキック,G,42658,False
sv1v_035_078,SV1V,035/078,ポケモン,雷,パモット,,でんきショック,ヘッドボルト,G,42659,False
sv1v_036_078,SV1V,036/078,ポケモン,雷,パーモット,でんきおこし,エレクトロパウ,,G,42660,False
sv1v_037_078,SV1V,037/078,ポケモン,雷,ミライドンex,タンデムユニット,フォトンブラスター,,G,42661,False
sv1v_038_078,SV1V,038/078,ポケモン,闘,スリープ,,むりやりねかす,ひっぱたく,G,42662,False
sv1v_039_078,SV1V,039/078,ポケモン,闘,スリーパー,,ふりこであやつる,ねんどうだん,G,42663,False
sv1v_040_078,SV1V,040/078,ポケモン,闘,カゲボウズ,,かげでつつむ,,G,42664,False
sv1v_041_078,SV1V,041/078,ポケモン,闘,ジュペッタex,,とこやみ,ポルターガイスト,G,42665,False
sv1v_042_078,SV1V,042/078,ポケモン,超,フラベベ,,かふんだま,,G,42666,False
sv1v_043_078,SV1V,043/078,ポケモン,超,フラエッテ,,マジカルリーフ,,G,42667,False
sv1v_044_078,SV1V,044/078,ポケモン,超,フラージェス,ブルームガーデン,ムーンフォース,,G,42668,False
sv1v_045_078,SV1V,045/078,ポケモン,超,クレッフィ,いたずらロック,ねらいおとす,,G,42669,False
sv1v_046_078,SV1V,046/078,ポケモン,闘,ボチ,,おはかであそぶ,,G,42670,False
sv1v_047_078,SV1V,047/078,ポケモン,闘,ボチ,,よみさんぽ,するどいキバ,G,42671,False
sv1v_048_078,SV1V,048/078,ポケモン,闘,ハカドッグ,,おはかまいり,,G,42672,False
sv1v_049_078,SV1V,049/078,ポケモン,闘,マンキー,,さるなぐり,,G,42673,False
sv1v_050_078,SV1V,050/078,ポケモン,闘,オコリザル,,あばれパンチ,,G,42674,False
sv1v_051_078,SV1V,051/078,ポケモン,闘,コノヨザル,,ふんどのこぶし,ダイナマイトパンチ,G,42675,False
sv1v_052_078,SV1V,052/078,ポケモン,草,ミカルゲ,,ちょうはつ,ほろびのせんこく,G,42676,False
sv1v_053_078,SV1V,053/078,ポケモン,草,オラチフ,,うしろげり,やみのキバ,G,42677,False
sv1v_054_078,SV1V,054/078,ポケモン,草,オラチフ,,かみくだく,,G,42678,False
sv1v_055_078,SV1V,055/078,ポケモン,草,マフィティフ,いかくのとおぼえ,ワイルドタックル,,G,42679,False
sv1v_056_078,SV1V,056/078,ポケモン,雷,オトシドリ,,ガラクタはこび,わしづかみ,G,42680,False
sv1v_057_078,SV1V,057/078,ポケモン,草,フォレトス,,れんぞくスピン,シェルローリング,G,42681,False
sv1v_058_078,SV1V,058/078,ポケモン,草,テツノワダチex,,トリプルレーザー,サイバネホイール,G,42682,False
sv1v_059_078,SV1V,059/078,ポケモン,闘,ラッキー,,はたく,タマゴころがし,G,42683,False
sv1v_060_078,SV1V,060/078,ポケモン,闘,ハピナス,せわやきナース,ハッピーサイクロン,,G,42684,False
sv1v_061_078,SV1V,061/078,ポケモン,闘,ホシガリス,すあなにかくす,かみつく,,G,42685,False
sv1v_062_078,SV1V,062/078,ポケモン,闘,ヨクバリス,,かみつく,きょうかまえば,G,42686,False
sv1v_063_078,SV1V,063/078,ポケモン,闘,イエッサン,,そだてじょうず,さいみんはどう,G,42687,False
sv1v_064_078,SV1V,064/078,ポケモン,闘,ワッカネズミ,,かじる,,G,42688,False
sv1v_065_078,SV1V,065/078,ポケモン,闘,ワッカネズミ,,ダブルアタック,,G,42689,False
sv1v_066_078,SV1V,066/078,ポケモン,闘,イッカネズミ,,ビンタ,ファミリーアタック,G,42690,False
sv1v_067_078,SV1V,067/078,ポケモン,雷,イキリンコ,,なかまをよぶ,そらをとぶ,G,42691,False
sv1v_068_078,SV1V,068/078,ポケモン,闘,モトトカゲ,,ツーリング,スピードアタック,G,42692,False
sv1v_069_078,SV1V,069/078,トレーナーズ,グッズ,エレキジェネレーター,,,,G,42693,False
sv1v_070_078,SV1V,070/078,トレーナーズ,グッズ,ハイパーボール,,,,G,42694,False
sv1v_071_078,SV1V,071/078,トレーナーズ,グッズ,ピクニックバスケット,,,,G,42695,False
sv1v_072_078,SV1V,072/078,トレーナーズ,グッズ,ふしぎなアメ,,,,G,42696,False
sv1v_073_078,SV1V,073/078,トレーナーズ,ポケモンのどうぐ,ゴツゴツメット,,,,G,42697,False
sv1v_074_078,SV1V,074/078,トレーナーズ,サポート,カエデ,,,,G,42698,False
sv1v_075_078,SV1V,075/078,トレーナーズ,サポート,博士の研究（フトゥー博士）,,,,G,42699,False
sv1v_076_078,SV1V,076/078,トレーナーズ,サポート,ペパー,,,,G,42700,False
sv1v_077_078,SV1V,077/078,トレーナーズ,サポート,ミモザ,,,,G,42701,False
sv1v_078_078,SV1V,078/078,トレーナーズ,スタジアム,テーブルシティ,,,,G,42702,False
sv1v_079_078,SV1V,079/078,ポケモン,草,タマンチュラ,,いとをはく,,G,43066,False
sv1v_080_078,SV1V,080/078,ポケモン,草,ノノクラゲ,,みだれげり,,G,43067,False
sv1v_081_078,SV1V,081/078,ポケモン,草,スコヴィラン,,ホットバイト,げきからヒーハー,G,43068,False
sv1v_082_078,SV1V,082/078,ポケモン,水,ヤドン,,ねむる,ずつき,G,43069,False
sv1v_083_078,SV1V,083/078,ポケモン,水,ウデッポウ,,はさむ,,G,43070,False
sv1v_084_078,SV1V,084/078,ポケモン,雷,パチリス,でんきぶくろ,みんなでほうでん,,G,43071,False
sv1v_085_078,SV1V,085/078,ポケモン,雷,パーモット,でんきおこし,エレクトロパウ,,G,43072,False
sv1v_086_078,SV1V,086/078,ポケモン,闘,スリープ,,むりやりねかす,ひっぱたく,G,43073,False
sv1v_087_078,SV1V,087/078,ポケモン,闘,ボチ,,おはかであそぶ,,G,43074,False
sv1v_088_078,SV1V,088/078,ポケモン,草,マフィティフ,いかくのとおぼえ,ワイルドタックル,,G,43075,False
sv1v_089_078,SV1V,089/078,ポケモン,雷,オトシドリ,,ガラクタはこび,わしづかみ,G,43076,False
sv1v_090_078,SV1V,090/078,ポケモン,闘,ホシガリス,すあなにかくす,かみつく,,G,43077,False
sv1v_091_078,SV1V,091/078,ポケモン,草,ワナイダーex,トラップテリトリー,ワイヤーハング,,G,43078,False
sv1v_092_078,SV1V,092/078,ポケモン,炎,ウインディex,,いかりのツメ,ぐれんのほのお,G,43079,False
sv1v_093_078,SV1V,093/078,ポケモン,雷,ジバコイルex,,エナジークラッシュ,パルスランチャー,G,43080,False
sv1v_094_078,SV1V,094/078,ポケモン,雷,ミライドンex,タンデムユニット,フォトンブラスター,,G,43081,False
sv1v_095_078,SV1V,095/078,ポケモン,闘,ジュペッタex,,とこやみ,ポルターガイスト,G,43082,False
sv1v_096_078,SV1V,096/078,ポケモン,草,テツノワダチex,,トリプルレーザー,サイバネホイール,G,43083,False
sv1v_097_078,SV1V,097/078,トレーナーズ,サポート,カエデ,,,,G,43084,False
sv1v_098_078,SV1V,098/078,トレーナーズ,サポート,博士の研究（フトゥー博士）,,,,G,43085,False
sv1v_099_078,SV1V,099/078,トレーナーズ,サポート,ペパー,,,,G,43086,False
sv1v_100_078,SV1V,100/078,トレーナーズ,サポート,ミモザ,,,,G,43087,False
sv1v_101_078,SV1V,101/078,ポケモン,草,ワナイダーex,トラップテリトリー,ワイヤーハング,,G,43088,False
sv1v_102_078,SV1V,102/078,ポケモン,雷,ミライドンex,タンデムユニット,フォトンブラスター,,G,43089,False
sv1v_103_078,SV1V,103/078,ポケモン,草,テツノワダチex,,トリプルレーザー,サイバネホイール,G,43090,False
sv1v_104_078,SV1V,104/078,トレーナーズ,サポート,ペパー,,,,G,43091,False
sv1v_105_078,SV1V,105/078,トレーナーズ,サポート,ミモザ,,,,G,43092,False
sv1v_106_078,SV1V,106/078,ポケモン,雷,ミライドンex,タンデムユニット,フォトンブラスター,,G,,False
sv1v_107_078,SV1V,107/078,トレーナーズ,グッズ,ふしぎなアメ,,,,G,,False
sv1v_108_078,SV1V,108/078,エネルギー,雷,基本雷エネルギー,,,,-,,False
sv2a_001_165,SV2a,001/165,ポケモン,草,フシギダネ,,やどりぎのタネ,,G,43322,False
sv2a_001_165_m,SV2a,001/165,ポケモン,草,フシギダネ,,やどりぎのタネ,,G,43487,False
sv2a_002_165,SV2a,002/165,ポケモン,草,フシギソウ,,やどりぎのタネ,つるのムチ,G,43323,False
sv2a_002_165_m,SV2a,002/165,ポケモン,草,フシギソウ,,やどりぎのタネ,つるのムチ,G,43488,False
sv2a_003_165,SV2a,003/165,ポケモン,草,フシギバナex,やすらぎのはな,もうどくウィップ,,G,43324,False
sv2a_004_165,SV2a,004/165,ポケモン,炎,ヒトカゲ,,まるやけ,ひをはく,G,43325,False
sv2a_004_165_m,SV2a,004/165,ポケモン,炎,ヒトカゲ,,まるやけ,ひをはく,G,43489,False
sv2a_005_165_m,SV2a,005/165,ポケモン,炎,リザード,,かえん,だいもんじ,G,43490,False
sv2a_005_165,SV2a,005/165,ポケモン,炎,リザード,,かえん,だいもんじ,G,43326,False
sv2a_006_165,SV2a,006/165,ポケモン,炎,リザードンex,,ブレイブウイング,ばくえんのうず,G,43327,False
sv2a_007_165,SV2a,007/165,ポケモン,水,ゼニガメ,,からにこもる,ロケットずつき,G,43328,False
sv2a_007_165_m,SV2a,007/165,ポケモン,水,ゼニガメ,,からにこもる,ロケットずつき,G,43491,False
sv2a_008_165,SV2a,008/165,ポケモン,水,カメール,,すもぐり,かいてんアタック,G,43329,False
sv2a_008_165_m,SV2a,008/165,ポケモン,水,カメール,,すもぐり,かいてんアタック,G,43492,False
sv2a_009_165,SV2a,009/165,ポケモン,水,カメックスex,かたいこうら,ツインカノン,,G,43330,False
sv2a_010_165,SV2a,010/165,ポケモン,草,キャタピー,,はっぱをたべる,,G,43331,False
sv2a_010_165_m,SV2a,010/165,ポケモン,草,キャタピー,,はっぱをたべる,,G,43493,False
sv2a_011_165_m,SV2a,011/165,ポケモン,草,トランセル,,たいあたり,ぼうぎょしせい,G,43494,False
sv2a_011_165,SV2a,011/165,ポケモン,草,トランセル,,たいあたり,ぼうぎょしせい,G,43332,False
sv2a_012_165,SV2a,012/165,ポケモン,草,バタフリー,,ふきとばし,バイバイフライト,G,43333,False
sv2a_012_165_m,SV2a,012/165,ポケモン,草,バタフリー,,ふきとばし,バイバイフライト,G,43495,False
sv2a_013_165,SV2a,013/165,ポケモン,草,ビードル,,ぶつかる,むしくい,G,43334,False
sv2a_013_165_m,SV2a,013/165,ポケモン,草,ビードル,,ぶつかる,むしくい,G,43496,False
sv2a_014_165,SV2a,014/165,ポケモン,草,コクーン,さなぎガード,チクッ,,G,43335,False
sv2a_014_165_m,SV2a,014/165,ポケモン,草,コクーン,さなぎガード,チクッ,,G,43497,False
sv2a_015_165_m,SV2a,015/165,ポケモン,草,スピアー,,ぎゃっきょうニードル,つきさす,G,43498,False
sv2a_015_165,SV2a,015/165,ポケモン,草,スピアー,,ぎゃっきょうニードル,つきさす,G,43336,False
sv2a_016_165_m,SV2a,016/165,ポケモン,雷,ポッポ,,なかまをよぶ,たいあたり,G,43499,False
sv2a_016_165,SV2a,016/165,ポケモン,雷,ポッポ,,なかまをよぶ,たいあたり,G,43337,False
sv2a_017_165,SV2a,017/165,ポケモン,雷,ピジョン,,はばたく,,G,43338,False
sv2a_017_165_m,SV2a,017/165,ポケモン,雷,ピジョン,,はばたく,,G,43500,False
sv2a_018_165,SV2a,018/165,ポケモン,雷,ピジョット,,はばたく,そらをとぶ,G,43339,False
sv2a_018_165_m,SV2a,018/165,ポケモン,雷,ピジョット,,はばたく,そらをとぶ,G,43501,False
sv2a_019_165,SV2a,019/165,ポケモン,闘,コラッタ,,きずをかじる,,G,43340,False
sv2a_019_165_m,SV2a,019/165,ポケモン,闘,コラッタ,,きずをかじる,,G,43502,False
sv2a_020_165,SV2a,020/165,ポケモン,闘,ラッタ,,きずにかみつく,,G,43341,False
sv2a_020_165_m,SV2a,020/165,ポケモン,闘,ラッタ,,きずにかみつく,,G,43503,False
sv2a_021_165_m,SV2a,021/165,ポケモン,雷,オニスズメ,ぬけがけしんか,スピードひこう,,G,43504,False
sv2a_021_165,SV2a,021/165,ポケモン,雷,オニスズメ,ぬけがけしんか,スピードひこう,,G,43342,False
sv2a_022_165,SV2a,022/165,ポケモン,雷,オニドリル,,くちばしキャッチ,スピードひこう,G,43343,False
sv2a_022_165_m,SV2a,022/165,ポケモン,雷,オニドリル,,くちばしキャッチ,スピードひこう,G,43505,False
sv2a_023_165,SV2a,023/165,ポケモン,闘,アーボ,,アシッドボム,,G,43344,False
sv2a_023_165_m,SV2a,023/165,ポケモン,闘,アーボ,,アシッドボム,,G,43506,False
sv2a_024_165,SV2a,024/165,ポケモン,闘,アーボックex,,しばりつける,メナスファング,G,43345,False
sv2a_025_165,SV2a,025/165,ポケモン,雷,ピカチュウ,,じゅうでん,ピカパンチ,G,43346,False
sv2a_025_165_m,SV2a,025/165,ポケモン,雷,ピカチュウ,,じゅうでん,ピカパンチ,G,43507,False
sv2a_026_165_m,SV2a,026/165,ポケモン,雷,ライチュウ,ライアース,かみなり,,G,43508,False
sv2a_026_165,SV2a,026/165,ポケモン,雷,ライチュウ,ライアース,かみなり,,G,43347,False
sv2a_027_165,SV2a,027/165,ポケモン,草,サンド,すなでかくす,ひっかく,,G,43348,False
sv2a_027_165_m,SV2a,027/165,ポケモン,草,サンド,すなでかくす,ひっかく,,G,43509,False
sv2a_028_165,SV2a,028/165,ポケモン,草,サンドパン,,じひびき,トゲでえぐる,G,43349,False
sv2a_028_165_m,SV2a,028/165,ポケモン,草,サンドパン,,じひびき,トゲでえぐる,G,43510,False
sv2a_029_165,SV2a,029/165,ポケモン,闘,ニドラン♀,,どくのつの,,G,43350,False
sv2a_029_165_m,SV2a,029/165,ポケモン,闘,ニドラン♀,,どくのつの,,G,43511,False
sv2a_030_165_m,SV2a,030/165,ポケモン,闘,ニドリーナ,,ファミリーコール,するどいキバ,G,43512,False
sv2a_030_165,SV2a,030/165,ポケモン,闘,ニドリーナ,,ファミリーコール,するどいキバ,G,43351,False
sv2a_031_165_m,SV2a,031/165,ポケモン,闘,ニドクイン,,クイーンプレス,つきたおし,G,43513,False
sv2a_031_165,SV2a,031/165,ポケモン,闘,ニドクイン,,クイーンプレス,つきたおし,G,43352,False
sv2a_032_165,SV2a,032/165,ポケモン,闘,ニドラン♂,,つのでつく,,G,43353,False
sv2a_032_165_m,SV2a,032/165,ポケモン,闘,ニドラン♂,,つのでつく,,G,43514,False
sv2a_033_165,SV2a,033/165,ポケモン,闘,ニドリーノ,,するどいキバ,かいりきホーン,G,43354,False
sv2a_033_165_m,SV2a,033/165,ポケモン,闘,ニドリーノ,,するどいキバ,かいりきホーン,G,43515,False
sv2a_034_165,SV2a,034/165,ポケモン,闘,ニドキング,はりきりキング,ベノムインパクト,,G,43355,False
sv2a_034_165_m,SV2a,034/165,ポケモン,闘,ニドキング,はりきりキング,ベノムインパクト,,G,43516,False
sv2a_035_165,SV2a,035/165,ポケモン,超,ピッピ,,つきみにさそう,ひらてうち,G,43356,False
sv2a_035_165_m,SV2a,035/165,ポケモン,超,ピッピ,,つきみにさそう,ひらてうち,G,43517,False
sv2a_036_165_m,SV2a,036/165,ポケモン,超,ピクシー,,このゆびとまれ,アディショナルムーン,G,43518,False
sv2a_036_165,SV2a,036/165,ポケモン,超,ピクシー,,このゆびとまれ,アディショナルムーン,G,43357,False
sv2a_037_165,SV2a,037/165,ポケモン,炎,ロコン,,ほのおでこがす,,G,43358,False
sv2a_037_165_m,SV2a,037/165,ポケモン,炎,ロコン,,ほのおでこがす,,G,43519,False
sv2a_038_165,SV2a,038/165,ポケモン,炎,キュウコンex,,ねっぷう,うつしほむら,G,43359,False
sv2a_039_165,SV2a,039/165,ポケモン,闘,プリン,,みちびく,ふみふみ,G,43360,False
sv2a_039_165_m,SV2a,039/165,ポケモン,闘,プリン,,みちびく,ふみふみ,G,43520,False
sv2a_040_165,SV2a,040/165,ポケモン,闘,プクリンex,ふくらむボディ,フレンドタックル,,G,43361,False
sv2a_041_165,SV2a,041/165,ポケモン,雷,ズバット,まるみえエコー,かみつく,,G,43362,False
sv2a_041_165_m,SV2a,041/165,ポケモン,雷,ズバット,まるみえエコー,かみつく,,G,43521,False
sv2a_042_165,SV2a,042/165,ポケモン,雷,ゴルバット,,ちょくげきひこう,,G,43363,False
sv2a_042_165_m,SV2a,042/165,ポケモン,雷,ゴルバット,,ちょくげきひこう,,G,43522,False
sv2a_043_165_m,SV2a,043/165,ポケモン,草,ナゾノクサ,,はっぱカッター,,G,43523,False
sv2a_043_165,SV2a,043/165,ポケモン,草,ナゾノクサ,,はっぱカッター,,G,43364,False
sv2a_044_165,SV2a,044/165,ポケモン,草,クサイハナ,さんぶざきエナジー,よだれ,,G,43365,False
sv2a_044_165_m,SV2a,044/165,ポケモン,草,クサイハナ,さんぶざきエナジー,よだれ,,G,43524,False
sv2a_045_165,SV2a,045/165,ポケモン,草,ラフレシア,まんかいエナジー,ソーラービーム,,G,43366,False
sv2a_045_165_m,SV2a,045/165,ポケモン,草,ラフレシア,まんかいエナジー,ソーラービーム,,G,43525,False
sv2a_046_165,SV2a,046/165,ポケモン,草,パラス,,ふむ,ほうしだま,G,43367,False
sv2a_046_165_m,SV2a,046/165,ポケモン,草,パラス,,ふむ,ほうしだま,G,43526,False
sv2a_047_165,SV2a,047/165,ポケモン,草,パラセクト,,きんしをばらまく,ツメできりさく,G,43368,False
sv2a_047_165_m,SV2a,047/165,ポケモン,草,パラセクト,,きんしをばらまく,ツメできりさく,G,43527,False
sv2a_048_165_m,SV2a,048/165,ポケモン,草,コンパン,,かじる,ビーム,G,43528,False
sv2a_048_165,SV2a,048/165,ポケモン,草,コンパン,,かじる,ビーム,G,43369,False
sv2a_049_165,SV2a,049/165,ポケモン,草,モルフォン,,さくらんパウダー,スピードウイング,G,43370,False
sv2a_049_165_m,SV2a,049/165,ポケモン,草,モルフォン,,さくらんパウダー,スピードウイング,G,43529,False
sv2a_050_165,SV2a,050/165,ポケモン,草,ディグダ,,とびだしヘッド,どろかけ,G,43371,False
sv2a_050_165_m,SV2a,050/165,ポケモン,草,ディグダ,,とびだしヘッド,どろかけ,G,43530,False
sv2a_051_165,SV2a,051/165,ポケモン,草,ダグトリオ,,とびだしヘッド,どろばくだん,G,43372,False
sv2a_051_165_m,SV2a,051/165,ポケモン,草,ダグトリオ,,とびだしヘッド,どろばくだん,G,43531,False
sv2a_052_165,SV2a,052/165,ポケモン,闘,ニャース,,まねきねこ,ツメをたてる,G,43373,False
sv2a_052_165_m,SV2a,052/165,ポケモン,闘,ニャース,,まねきねこ,ツメをたてる,G,43532,False
sv2a_053_165_m,SV2a,053/165,ポケモン,闘,ペルシアン,ロケットコール,きりさく,,G,43533,False
sv2a_053_165,SV2a,053/165,ポケモン,闘,ペルシアン,ロケットコール,きりさく,,G,43374,False
sv2a_054_165,SV2a,054/165,ポケモン,水,コダック,,かんがえすぎる,みずでっぽう,G,43375,False
sv2a_054_165_m,SV2a,054/165,ポケモン,水,コダック,,かんがえすぎる,みずでっぽう,G,43534,False
sv2a_055_165,SV2a,055/165,ポケモン,水,ゴルダック,,すいなんきゅうじょ,スーパースプラッシュ,G,43376,False
sv2a_055_165_m,SV2a,055/165,ポケモン,水,ゴルダック,,すいなんきゅうじょ,スーパースプラッシュ,G,43535,False
sv2a_056_165,SV2a,056/165,ポケモン,闘,マンキー,,あばれる,,G,43377,False
sv2a_056_165_m,SV2a,056/165,ポケモン,闘,マンキー,,あばれる,,G,43536,False
sv2a_057_165,SV2a,057/165,ポケモン,闘,オコリザル,,がなりたてる,げきこうスマッシュ,G,43378,False
sv2a_057_165_m,SV2a,057/165,ポケモン,闘,オコリザル,,がなりたてる,げきこうスマッシュ,G,43537,False
sv2a_058_165_m,SV2a,058/165,ポケモン,炎,ガーディ,,じょうはつ,,G,43538,False
sv2a_058_165,SV2a,058/165,ポケモン,炎,ガーディ,,じょうはつ,,G,43379,False
sv2a_059_165,SV2a,059/165,ポケモン,炎,ウインディ,,あつくたぎる,ダイナマイトファング,G,43380,False
sv2a_059_165_m,SV2a,059/165,ポケモン,炎,ウインディ,,あつくたぎる,ダイナマイトファング,G,43539,False
sv2a_060_165,SV2a,060/165,ポケモン,水,ニョロモ,,あわ,,G,43381,False
sv2a_060_165_m,SV2a,060/165,ポケモン,水,ニョロモ,,あわ,,G,43540,False
sv2a_061_165,SV2a,061/165,ポケモン,水,ニョロゾ,,スプラッシュ,かえるとび,G,43382,False
sv2a_061_165_m,SV2a,061/165,ポケモン,水,ニョロゾ,,スプラッシュ,かえるとび,G,43541,False
sv2a_062_165,SV2a,062/165,ポケモン,水,ニョロボン,,バブルこうせん,ごうかいパンチ,G,43383,False
sv2a_062_165_m,SV2a,062/165,ポケモン,水,ニョロボン,,バブルこうせん,ごうかいパンチ,G,43542,False
sv2a_063_165_m,SV2a,063/165,ポケモン,闘,ケーシィ,,サイコショット,,G,43543,False
sv2a_063_165,SV2a,063/165,ポケモン,闘,ケーシィ,,サイコショット,,G,43384,False
sv2a_064_165,SV2a,064/165,ポケモン,闘,ユンゲラー,,テレポートアタック,,G,43385,False
sv2a_064_165_m,SV2a,064/165,ポケモン,闘,ユンゲラー,,テレポートアタック,,G,43544,False
sv2a_065_165,SV2a,065/165,ポケモン,闘,フーディンex,,マインドジャック,ディメンションハンド,G,43386,False
sv2a_066_165,SV2a,066/165,ポケモン,闘,ワンリキー,,やまたたき,パンチ,G,43387,False
sv2a_066_165_m,SV2a,066/165,ポケモン,闘,ワンリキー,,やまたたき,パンチ,G,43545,False
sv2a_067_165,SV2a,067/165,ポケモン,闘,ゴーリキー,,やまどつき,,G,43388,False
sv2a_067_165_m,SV2a,067/165,ポケモン,闘,ゴーリキー,,やまどつき,,G,43546,False
sv2a_068_165_m,SV2a,068/165,ポケモン,闘,カイリキー,こんじょう,マウンテンチョップ,,G,43547,False
sv2a_068_165,SV2a,068/165,ポケモン,闘,カイリキー,こんじょう,マウンテンチョップ,,G,43389,False
sv2a_069_165,SV2a,069/165,ポケモン,草,マダツボミ,,いあいぎり,しばりつける,G,43390,False
sv2a_069_165_m,SV2a,069/165,ポケモン,草,マダツボミ,,いあいぎり,しばりつける,G,43548,False
sv2a_070_165,SV2a,070/165,ポケモン,草,ウツドン,,いあいぎり,しるをとばす,G,43391,False
sv2a_070_165_m,SV2a,070/165,ポケモン,草,ウツドン,,いあいぎり,しるをとばす,G,43549,False
sv2a_071_165,SV2a,071/165,ポケモン,草,ウツボット,,はきだす,ディレイドアシッド,G,43392,False
sv2a_071_165_m,SV2a,071/165,ポケモン,草,ウツボット,,はきだす,ディレイドアシッド,G,43550,False
sv2a_072_165_m,SV2a,072/165,ポケモン,水,メノクラゲ,,ぴりっ,みずまき,G,43551,False
sv2a_072_165,SV2a,072/165,ポケモン,水,メノクラゲ,,ぴりっ,みずまき,G,43393,False
sv2a_073_165_m,SV2a,073/165,ポケモン,水,ドククラゲ,,どくのムチ,パニックテンタクル,G,43552,False
sv2a_073_165,SV2a,073/165,ポケモン,水,ドククラゲ,,どくのムチ,パニックテンタクル,G,43394,False
sv2a_074_165,SV2a,074/165,ポケモン,草,イシツブテ,,かたまる,げんこつ,G,43395,False
sv2a_074_165_m,SV2a,074/165,ポケモン,草,イシツブテ,,かたまる,げんこつ,G,43553,False
sv2a_075_165,SV2a,075/165,ポケモン,草,ゴローン,,れんぞくいわなげ,ヘビーインパクト,G,43396,False
sv2a_075_165_m,SV2a,075/165,ポケモン,草,ゴローン,,れんぞくいわなげ,ヘビーインパクト,G,43554,False
sv2a_076_165,SV2a,076/165,ポケモン,草,ゴローニャex,,ダイナミックロール,がんせきボンバー,G,43397,False
sv2a_077_165,SV2a,077/165,ポケモン,炎,ポニータ,,もってくる,はねまわる,G,43398,False
sv2a_077_165_m,SV2a,077/165,ポケモン,炎,ポニータ,,もってくる,はねまわる,G,43555,False
sv2a_078_165_m,SV2a,078/165,ポケモン,炎,ギャロップ,,こがす,マッハターン,G,43556,False
sv2a_078_165,SV2a,078/165,ポケモン,炎,ギャロップ,,こがす,マッハターン,G,43399,False
sv2a_079_165,SV2a,079/165,ポケモン,闘,ヤドン,,かいすいよく,ずつき,G,43400,False
sv2a_079_165_m,SV2a,079/165,ポケモン,闘,ヤドン,,かいすいよく,ずつき,G,43557,False
sv2a_080_165,SV2a,080/165,ポケモン,闘,ヤドラン,,おおあくび,のんびりタックル,G,43401,False
sv2a_080_165_m,SV2a,080/165,ポケモン,闘,ヤドラン,,おおあくび,のんびりタックル,G,43558,False
sv2a_081_165,SV2a,081/165,ポケモン,雷,コイル,,プチでんき,ばくはつ,G,43402,False
sv2a_081_165_m,SV2a,081/165,ポケモン,雷,コイル,,プチでんき,ばくはつ,G,43559,False
sv2a_082_165,SV2a,082/165,ポケモン,雷,レアコイル,,ジャンクマグネット,ヘッドボルト,G,43403,False
sv2a_082_165_m,SV2a,082/165,ポケモン,雷,レアコイル,,ジャンクマグネット,ヘッドボルト,G,43560,False
sv2a_083_165_m,SV2a,083/165,ポケモン,雷,カモネギ,,しょってくる,ネギでぶつ,G,43561,False
sv2a_083_165,SV2a,083/165,ポケモン,雷,カモネギ,,しょってくる,ネギでぶつ,G,43404,False
sv2a_084_165_m,SV2a,084/165,ポケモン,雷,ドードー,,とつげき,,G,43562,False
sv2a_084_165,SV2a,084/165,ポケモン,雷,ドードー,,とつげき,,G,43405,False
sv2a_085_165,SV2a,085/165,ポケモン,雷,ドードリオ,ばくそうドロー,いかりのくちばし,,G,43406,False
sv2a_085_165_m,SV2a,085/165,ポケモン,雷,ドードリオ,ばくそうドロー,いかりのくちばし,,G,43563,False
sv2a_086_165,SV2a,086/165,ポケモン,水,パウワウ,,ひんやり,,G,43407,False
sv2a_086_165_m,SV2a,086/165,ポケモン,水,パウワウ,,ひんやり,,G,43564,False
sv2a_087_165,SV2a,087/165,ポケモン,水,ジュゴン,,デュアルスプラッシュ,オーロラビーム,G,43408,False
sv2a_087_165_m,SV2a,087/165,ポケモン,水,ジュゴン,,デュアルスプラッシュ,オーロラビーム,G,43565,False
sv2a_088_165,SV2a,088/165,ポケモン,闘,ベトベター,,べっとりプレス,,G,43409,False
sv2a_088_165_m,SV2a,088/165,ポケモン,闘,ベトベター,,べっとりプレス,,G,43566,False
sv2a_089_165_m,SV2a,089/165,ポケモン,闘,ベトベトン,,ベトベトジェイル,ヘドロばくだん,G,43567,False
sv2a_089_165,SV2a,089/165,ポケモン,闘,ベトベトン,,ベトベトジェイル,ヘドロばくだん,G,43410,False
sv2a_090_165,SV2a,090/165,ポケモン,水,シェルダー,,シェルプレス,,G,43411,False
sv2a_090_165_m,SV2a,090/165,ポケモン,水,シェルダー,,シェルプレス,,G,43568,False
sv2a_091_165,SV2a,091/165,ポケモン,水,パルシェン,,プロテクトチャージ,,G,43412,False
sv2a_091_165_m,SV2a,091/165,ポケモン,水,パルシェン,,プロテクトチャージ,,G,43569,False
sv2a_092_165,SV2a,092/165,ポケモン,闘,ゴース,,ガスでつつむ,,G,43413,False
sv2a_092_165_m,SV2a,092/165,ポケモン,闘,ゴース,,ガスでつつむ,,G,43570,False
sv2a_093_165_m,SV2a,093/165,ポケモン,闘,ゴースト,ひとだまがえし,つぶやく,,G,43571,False
sv2a_093_165,SV2a,093/165,ポケモン,闘,ゴースト,ひとだまがえし,つぶやく,,G,43414,False
sv2a_094_165_m,SV2a,094/165,ポケモン,闘,ゲンガー,,ポルターガイスト,ホロウダイブ,G,43572,False
sv2a_094_165,SV2a,094/165,ポケモン,闘,ゲンガー,,ポルターガイスト,ホロウダイブ,G,43415,False
sv2a_095_165,SV2a,095/165,ポケモン,草,イワーク,,どっすんなだれ,ヘビーインパクト,G,43416,False
sv2a_095_165_m,SV2a,095/165,ポケモン,草,イワーク,,どっすんなだれ,ヘビーインパクト,G,43573,False
sv2a_096_165,SV2a,096/165,ポケモン,闘,スリープ,,しねんのずつき,,G,43417,False
sv2a_096_165_m,SV2a,096/165,ポケモン,闘,スリープ,,しねんのずつき,,G,43574,False
sv2a_097_165,SV2a,097/165,ポケモン,闘,スリーパー,でたとこさいみん,ちょうねんりき,,G,43418,False
sv2a_097_165_m,SV2a,097/165,ポケモン,闘,スリーパー,でたとこさいみん,ちょうねんりき,,G,43575,False
sv2a_098_165,SV2a,098/165,ポケモン,水,クラブ,,しおまねき,クラブハンマー,G,43419,False
sv2a_098_165_m,SV2a,098/165,ポケモン,水,クラブ,,しおまねき,クラブハンマー,G,43576,False
sv2a_099_165_m,SV2a,099/165,ポケモン,水,キングラー,,アームハンマー,ハサミギロチン,G,43577,False
sv2a_099_165,SV2a,099/165,ポケモン,水,キングラー,,アームハンマー,ハサミギロチン,G,43420,False
sv2a_100_165,SV2a,100/165,ポケモン,雷,ビリリダマ,,ローリングアタック,,G,43421,False
sv2a_100_165_m,SV2a,100/165,ポケモン,雷,ビリリダマ,,ローリングアタック,,G,43578,False
sv2a_101_165,SV2a,101/165,ポケモン,雷,マルマイン,,ボムボムチェイン,エレキボール,G,43422,False
sv2a_101_165_m,SV2a,101/165,ポケモン,雷,マルマイン,,ボムボムチェイン,エレキボール,G,43579,False
sv2a_102_165,SV2a,102/165,ポケモン,草,タマタマ,,たまころがり,,G,43423,False
sv2a_102_165_m,SV2a,102/165,ポケモン,草,タマタマ,,たまころがり,,G,43580,False
sv2a_103_165,SV2a,103/165,ポケモン,草,ナッシー,,サイコキネシス,ぶちかます,G,43424,False
sv2a_103_165_m,SV2a,103/165,ポケモン,草,ナッシー,,サイコキネシス,ぶちかます,G,43581,False
sv2a_104_165_m,SV2a,104/165,ポケモン,草,カラカラ,おうえんボーン,にどたたき,,G,43582,False
sv2a_104_165,SV2a,104/165,ポケモン,草,カラカラ,おうえんボーン,にどたたき,,G,43425,False
sv2a_105_165,SV2a,105/165,ポケモン,草,ガラガラ,,ボーンスロー,そこぢから,G,43426,False
sv2a_105_165_m,SV2a,105/165,ポケモン,草,ガラガラ,,ボーンスロー,そこぢから,G,43583,False
sv2a_106_165,SV2a,106/165,ポケモン,闘,サワムラー,,トルネードキック,けたぐり,G,43427,False
sv2a_106_165_m,SV2a,106/165,ポケモン,闘,サワムラー,,トルネードキック,けたぐり,G,43584,False
sv2a_107_165,SV2a,107/165,ポケモン,闘,エビワラー,はんげき,エキサイトパンチ,,G,43428,False
sv2a_107_165_m,SV2a,107/165,ポケモン,闘,エビワラー,はんげき,エキサイトパンチ,,G,43585,False
sv2a_108_165,SV2a,108/165,ポケモン,闘,ベロリンガ,,ベロベロバインド,,G,43429,False
sv2a_108_165_m,SV2a,108/165,ポケモン,闘,ベロリンガ,,ベロベロバインド,,G,43586,False
sv2a_109_165_m,SV2a,109/165,ポケモン,闘,ドガース,,あやしいガス,,G,43587,False
sv2a_109_165,SV2a,109/165,ポケモン,闘,ドガース,,あやしいガス,,G,43430,False
sv2a_110_165,SV2a,110/165,ポケモン,闘,マタドガス,もろともボム,スピンガス,,G,43431,False
sv2a_110_165_m,SV2a,110/165,ポケモン,闘,マタドガス,もろともボム,スピンガス,,G,43588,False
sv2a_111_165,SV2a,111/165,ポケモン,草,サイホーン,,つきとばす,ロックスマッシュ,G,43432,False
sv2a_111_165_m,SV2a,111/165,ポケモン,草,サイホーン,,つきとばす,ロックスマッシュ,G,43589,False
sv2a_112_165,SV2a,112/165,ポケモン,草,サイドン,,たたきつぶす,カリスマドリル,G,43433,False
sv2a_112_165_m,SV2a,112/165,ポケモン,草,サイドン,,たたきつぶす,カリスマドリル,G,43590,False
sv2a_113_165,SV2a,113/165,ポケモン,闘,ラッキー,ラッキーボーナス,ひっぱたく,,G,43434,False
sv2a_113_165_m,SV2a,113/165,ポケモン,闘,ラッキー,ラッキーボーナス,ひっぱたく,,G,43591,False
sv2a_114_165_m,SV2a,114/165,ポケモン,草,モンジャラ,,まきつきさほう,,G,43592,False
sv2a_114_165,SV2a,114/165,ポケモン,草,モンジャラ,,まきつきさほう,,G,43435,False
sv2a_115_165,SV2a,115/165,ポケモン,闘,ガルーラex,,トリプルドロー,マシンガンパンチ,G,43436,False
sv2a_116_165,SV2a,116/165,ポケモン,水,タッツー,,みずかけ,するどいひれ,G,43437,False
sv2a_116_165_m,SV2a,116/165,ポケモン,水,タッツー,,みずかけ,するどいひれ,G,43593,False
sv2a_117_165,SV2a,117/165,ポケモン,水,シードラ,,ブラインドインク,,G,43438,False
sv2a_117_165_m,SV2a,117/165,ポケモン,水,シードラ,,ブラインドインク,,G,43594,False
sv2a_118_165,SV2a,118/165,ポケモン,水,トサキント,,さんれんづき,うちみず,G,43439,False
sv2a_118_165_m,SV2a,118/165,ポケモン,水,トサキント,,さんれんづき,うちみず,G,43595,False
sv2a_119_165_m,SV2a,119/165,ポケモン,水,アズマオウ,,きままにおよぐ,アクアホーン,G,43596,False
sv2a_119_165,SV2a,119/165,ポケモン,水,アズマオウ,,きままにおよぐ,アクアホーン,G,43440,False
sv2a_120_165,SV2a,120/165,ポケモン,水,ヒトデマン,,スピードスター,,G,43441,False
sv2a_120_165_m,SV2a,120/165,ポケモン,水,ヒトデマン,,スピードスター,,G,43597,False
sv2a_121_165,SV2a,121/165,ポケモン,水,スターミー,なぞのすいせい,スピードアタック,,G,43442,False
sv2a_121_165_m,SV2a,121/165,ポケモン,水,スターミー,なぞのすいせい,スピードアタック,,G,43598,False
sv2a_122_165,SV2a,122/165,ポケモン,闘,バリヤード,ものまねバリア,サイコパワー,,G,43443,False
sv2a_122_165_m,SV2a,122/165,ポケモン,闘,バリヤード,ものまねバリア,サイコパワー,,G,43599,False
sv2a_123_165,SV2a,123/165,ポケモン,草,ストライク,,アシストスラッシュ,スライスブレード,G,43444,False
sv2a_123_165_m,SV2a,123/165,ポケモン,草,ストライク,,アシストスラッシュ,スライスブレード,G,43600,False
sv2a_124_165,SV2a,124/165,ポケモン,水,ルージュラex,,ズッキュンキッス,こごえるかぜ,G,43445,False
sv2a_125_165_m,SV2a,125/165,ポケモン,雷,エレブー,,エレキコンボ,なぐる,G,43601,False
sv2a_125_165,SV2a,125/165,ポケモン,雷,エレブー,,エレキコンボ,なぐる,G,43446,False
sv2a_126_165,SV2a,126/165,ポケモン,炎,ブーバー,,ひだね,フレアコンボ,G,43447,False
sv2a_126_165_m,SV2a,126/165,ポケモン,炎,ブーバー,,ひだね,フレアコンボ,G,43602,False
sv2a_127_165,SV2a,127/165,ポケモン,草,カイロス,,はさむ,がむしゃらなげ,G,43448,False
sv2a_127_165_m,SV2a,127/165,ポケモン,草,カイロス,,はさむ,がむしゃらなげ,G,43603,False
sv2a_128_165,SV2a,128/165,ポケモン,闘,ケンタロス,,むれをあつめる,いかり,G,43449,False
sv2a_128_165_m,SV2a,128/165,ポケモン,闘,ケンタロス,,むれをあつめる,いかり,G,43604,False
sv2a_129_165,SV2a,129/165,ポケモン,水,コイキング,,はねにはねる,,G,43450,False
sv2a_129_165_m,SV2a,129/165,ポケモン,水,コイキング,,はねにはねる,,G,43605,False
sv2a_130_165_m,SV2a,130/165,ポケモン,水,ギャラドス,あらくれもの,はかいこうせん,,G,43606,False
sv2a_130_165,SV2a,130/165,ポケモン,水,ギャラドス,あらくれもの,はかいこうせん,,G,43451,False
sv2a_131_165,SV2a,131/165,ポケモン,水,ラプラス,,せなかにのせる,アクアエッジ,G,43452,False
sv2a_131_165_m,SV2a,131/165,ポケモン,水,ラプラス,,せなかにのせる,アクアエッジ,G,43607,False
sv2a_132_165,SV2a,132/165,ポケモン,闘,メタモン,へんしんスタート,ぺとっ,,G,43453,False
sv2a_132_165_m,SV2a,132/165,ポケモン,闘,メタモン,へんしんスタート,ぺとっ,,G,43608,False
sv2a_133_165,SV2a,133/165,ポケモン,闘,イーブイ,,カラフルフレンズ,スキップ,G,43454,False
sv2a_133_165_m,SV2a,133/165,ポケモン,闘,イーブイ,,カラフルフレンズ,スキップ,G,43609,False
sv2a_134_165_m,SV2a,134/165,ポケモン,水,シャワーズ,,スパイラルドレイン,とうしのうずしお,G,43610,False
sv2a_134_165,SV2a,134/165,ポケモン,水,シャワーズ,,スパイラルドレイン,とうしのうずしお,G,43455,False
sv2a_135_165_m,SV2a,135/165,ポケモン,雷,サンダース,,ちょくげきだん,とうしのいかずち,G,43611,False
sv2a_135_165,SV2a,135/165,ポケモン,雷,サンダース,,ちょくげきだん,とうしのいかずち,G,43456,False
sv2a_136_165,SV2a,136/165,ポケモン,炎,ブースター,,はかいび,とうしのもうか,G,43457,False
sv2a_136_165_m,SV2a,136/165,ポケモン,炎,ブースター,,はかいび,とうしのもうか,G,43612,False
sv2a_137_165,SV2a,137/165,ポケモン,草,ポリゴン,,テクスチャー4,,G,43458,False
sv2a_137_165_m,SV2a,137/165,ポケモン,草,ポリゴン,,テクスチャー4,,G,43613,False
sv2a_138_165,SV2a,138/165,ポケモン,水,オムナイト,,しょくしゅでもどす,,G,43459,False
sv2a_138_165_m,SV2a,138/165,ポケモン,水,オムナイト,,しょくしゅでもどす,,G,43614,False
sv2a_139_165,SV2a,139/165,ポケモン,水,オムスター,みかいのしょくしゅ,アクアスプリット,,G,43460,False
sv2a_139_165_m,SV2a,139/165,ポケモン,水,オムスター,みかいのしょくしゅ,アクアスプリット,,G,43615,False
sv2a_140_165_m,SV2a,140/165,ポケモン,草,カブト,,ダブルひっかき,,G,43616,False
sv2a_140_165,SV2a,140/165,ポケモン,草,カブト,,ダブルひっかき,,G,43461,False
sv2a_141_165,SV2a,141/165,ポケモン,草,カブトプス,たいこのことわり,ドレインスラッシュ,,G,43462,False
sv2a_141_165_m,SV2a,141/165,ポケモン,草,カブトプス,たいこのことわり,ドレインスラッシュ,,G,43617,False
sv2a_142_165,SV2a,142/165,ポケモン,雷,プテラ,,かっくう,たいかこうせん,G,43463,False
sv2a_142_165_m,SV2a,142/165,ポケモン,雷,プテラ,,かっくう,たいかこうせん,G,43618,False
sv2a_143_165,SV2a,143/165,ポケモン,闘,カビゴン,くいいじ,バッタンプレス,,G,43464,False
sv2a_143_165_m,SV2a,143/165,ポケモン,闘,カビゴン,くいいじ,バッタンプレス,,G,43619,False
sv2a_144_165,SV2a,144/165,ポケモン,水,フリーザー,アイスフロート,ふぶき,,G,43465,False
sv2a_144_165_m,SV2a,144/165,ポケモン,水,フリーザー,アイスフロート,ふぶき,,G,43620,False
sv2a_145_165,SV2a,145/165,ポケモン,雷,サンダーex,ボルトフロート,いなずまれんだん,,G,43466,False
sv2a_146_165,SV2a,146/165,ポケモン,炎,ファイヤー,フレアフロート,えんじょうひこう,,G,43467,False
sv2a_146_165_m,SV2a,146/165,ポケモン,炎,ファイヤー,フレアフロート,えんじょうひこう,,G,43621,False
sv2a_147_165,SV2a,147/165,ポケモン,竜,ミニリュウ,,たたく,ドラゴンウィップ,G,43468,False
sv2a_147_165_m,SV2a,147/165,ポケモン,竜,ミニリュウ,,たたく,ドラゴンウィップ,G,43622,False
sv2a_148_165,SV2a,148/165,ポケモン,竜,ハクリュー,,たたく,アクアスラッシュ,G,43469,False
sv2a_148_165_m,SV2a,148/165,ポケモン,竜,ハクリュー,,たたく,アクアスラッシュ,G,43623,False
sv2a_149_165,SV2a,149/165,ポケモン,竜,カイリュー,ジェットクルーズ,りゅうのはどう,,G,43470,False
sv2a_149_165_m,SV2a,149/165,ポケモン,竜,カイリュー,ジェットクルーズ,りゅうのはどう,,G,43624,False
sv2a_150_165_m,SV2a,150/165,ポケモン,闘,ミュウツー,,リフレクトバリア,サイコストライク,G,43625,False
sv2a_150_165,SV2a,150/165,ポケモン,闘,ミュウツー,,リフレクトバリア,サイコストライク,G,43471,False
sv2a_151_165,SV2a,151/165,ポケモン,闘,ミュウex,リスタート,ゲノムハック,,G,43472,False
sv2a_152_165,SV2a,152/165,トレーナーズ,グッズ,エネルギーシール,,,,G,43473,False
sv2a_152_165_m,SV2a,152/165,トレーナーズ,グッズ,エネルギーシール,,,,G,43626,False
sv2a_153_165,SV2a,153/165,トレーナーズ,グッズ,スナッチアーム,,,,G,43474,False
sv2a_153_165_m,SV2a,153/165,トレーナーズ,グッズ,スナッチアーム,,,,G,43627,False
sv2a_154_165,SV2a,154/165,トレーナーズ,グッズ,古びたかいの化石,,,,G,43475,False
sv2a_154_165_m,SV2a,154/165,トレーナーズ,グッズ,古びたかいの化石,,,,G,43628,False
sv2a_155_165_m,SV2a,155/165,トレーナーズ,グッズ,古びたこうらの化石,,,,G,43629,False
sv2a_155_165,SV2a,155/165,トレーナーズ,グッズ,古びたこうらの化石,,,,G,43476,False
sv2a_156_165_m,SV2a,156/165,トレーナーズ,グッズ,古びたひみつのコハク,,,,G,43630,False
sv2a_156_165,SV2a,156/165,トレーナーズ,グッズ,古びたひみつのコハク,,,,G,43477,False
sv2a_157_165,SV2a,157/165,トレーナーズ,ポケモンのどうぐ,安全ゴーグル,,,,G,43478,False
sv2a_157_165_m,SV2a,157/165,トレーナーズ,ポケモンのどうぐ,安全ゴーグル,,,,G,43631,False
sv2a_158_165,SV2a,158/165,トレーナーズ,ポケモンのどうぐ,大きなふうせん,,,,G,43479,False
sv2a_158_165_m,SV2a,158/165,トレーナーズ,ポケモンのどうぐ,大きなふうせん,,,,G,43632,False
sv2a_159_165,SV2a,159/165,トレーナーズ,ポケモンのどうぐ,ガチガチバンド,,,,G,43480,False
sv2a_159_165_m,SV2a,159/165,トレーナーズ,ポケモンのどうぐ,ガチガチバンド,,,,G,43633,False
sv2a_160_165,SV2a,160/165,トレーナーズ,ポケモンのどうぐ,たべのこし,,,,G,43481,False
sv2a_160_165_m,SV2a,160/165,トレーナーズ,ポケモンのどうぐ,たべのこし,,,,G,43634,False
sv2a_161_165_m,SV2a,161/165,トレーナーズ,サポート,エリカの招待,,,,G,43635,False
sv2a_161_165,SV2a,161/165,トレーナーズ,サポート,エリカの招待,,,,G,43482,False
sv2a_162_165,SV2a,162/165,トレーナーズ,サポート,サカキのカリスマ,,,,G,43483,False
sv2a_162_165_m,SV2a,162/165,トレーナーズ,サポート,サカキのカリスマ,,,,G,43636,False
sv2a_163_165,SV2a,163/165,トレーナーズ,サポート,ナナミの手助け,,,,G,43484,False
sv2a_163_165_m,SV2a,163/165,トレーナーズ,サポート,ナナミの手助け,,,,G,43637,False
sv2a_164_165,SV2a,164/165,トレーナーズ,サポート,マサキの転送,,,,G,43485,False
sv2a_164_165_m,SV2a,164/165,トレーナーズ,サポート,マサキの転送,,,,G,43638,False
sv2a_165_165,SV2a,165/165,トレーナーズ,スタジアム,サイクリングロード,,,,G,43486,False
sv2a_165_165_m,SV2a,165/165,トレーナーズ,スタジアム,サイクリングロード,,,,G,43639,False
sv2a_166_165,SV2a,166/165,ポケモン,草,フシギダネ,,やどりぎのタネ,,G,,False
sv2a_167_165,SV2a,167/165,ポケモン,草,フシギソウ,,やどりぎのタネ,つるのムチ,G,,False
sv2a_168_165,SV2a,168/165,ポケモン,炎,ヒトカゲ,,まるやけ,ひをはく,G,,False
sv2a_169_165,SV2a,169/165,ポケモン,炎,リザード,,かえん,だいもんじ,G,,False
sv2a_170_165,SV2a,170/165,ポケモン,水,ゼニガメ,,からにこもる,ロケットずつき,G,,False
sv2a_171_165,SV2a,171/165,ポケモン,水,カメール,,すもぐり,かいてんアタック,G,,False
sv2a_172_165,SV2a,172/165,ポケモン,草,キャタピー,,はっぱをたべる,,G,,False
sv2a_173_165,SV2a,173/165,ポケモン,雷,ピカチュウ,,じゅうでん,ピカパンチ,G,,False
sv2a_174_165,SV2a,174/165,ポケモン,闘,ニドキング,はりきりキング,ベノムインパクト,,G,,False
sv2a_175_165,SV2a,175/165,ポケモン,水,コダック,,かんがえすぎる,みずでっぽう,G,,False
sv2a_176_165,SV2a,176/165,ポケモン,水,ニョロゾ,,スプラッシュ,かえるとび,G,,False
sv2a_177_165,SV2a,177/165,ポケモン,闘,ゴーリキー,,やまどつき,,G,,False
sv2a_178_165,SV2a,178/165,ポケモン,草,モンジャラ,,まきつきさほう,,G,,False
sv2a_179_165,SV2a,179/165,ポケモン,闘,バリヤード,ものまねバリア,サイコパワー,,G,,False
sv2a_180_165,SV2a,180/165,ポケモン,水,オムナイト,,しょくしゅでもどす,,G,,False
sv2a_181_165,SV2a,181/165,ポケモン,闘,カビゴン,くいいじ,バッタンプレス,,G,,False
sv2a_182_165,SV2a,182/165,ポケモン,竜,ハクリュー,,たたく,アクアスラッシュ,G,,False
sv2a_183_165,SV2a,183/165,ポケモン,闘,ミュウツー,,リフレクトバリア,サイコストライク,G,,False
sv2a_184_165,SV2a,184/165,ポケモン,草,フシギバナex,やすらぎのはな,もうどくウィップ,,G,,False
sv2a_185_165,SV2a,185/165,ポケモン,炎,リザードンex,,ブレイブウイング,ばくえんのうず,G,,False
sv2a_186_165,SV2a,186/165,ポケモン,水,カメックスex,かたいこうら,ツインカノン,,G,,False
sv2a_187_165,SV2a,187/165,ポケモン,闘,アーボックex,,しばりつける,メナスファング,G,,False
sv2a_188_165,SV2a,188/165,ポケモン,炎,キュウコンex,,ねっぷう,うつしほむら,G,,False
sv2a_189_165,SV2a,189/165,ポケモン,闘,プクリンex,ふくらむボディ,フレンドタックル,,G,,False
sv2a_190_165,SV2a,190/165,ポケモン,闘,フーディンex,,マインドジャック,ディメンションハンド,G,,False
sv2a_191_165,SV2a,191/165,ポケモン,草,ゴローニャex,,ダイナミックロール,がんせきボンバー,G,,False
sv2a_192_165,SV2a,192/165,ポケモン,闘,ガルーラex,,トリプルドロー,マシンガンパンチ,G,,False
sv2a_193_165,SV2a,193/165,ポケモン,水,ルージュラex,,ズッキュンキッス,こごえるかぜ,G,,False
sv2a_194_165,SV2a,194/165,ポケモン,雷,サンダーex,ボルトフロート,いなずまれんだん,,G,,False
sv2a_195_165,SV2a,195/165,ポケモン,闘,ミュウex,リスタート,ゲノムハック,,G,,False
sv2a_196_165,SV2a,196/165,トレーナーズ,サポート,エリカの招待,,,,G,,False
sv2a_197_165,SV2a,197/165,トレーナーズ,サポート,サカキのカリスマ,,,,G,,False
sv2a_198_165,SV2a,198/165,トレーナーズ,サポート,ナナミの手助け,,,,G,,False
sv2a_199_165,SV2a,199/165,トレーナーズ,サポート,マサキの転送,,,,G,,False
sv2a_200_165,SV2a,200/165,ポケモン,草,フシギバナex,やすらぎのはな,もうどくウィップ,,G,,False
sv2a_201_165,SV2a,201/165,ポケモン,炎,リザードンex,,ブレイブウイング,ばくえんのうず,G,,False
sv2a_202_165,SV2a,202/165,ポケモン,水,カメックスex,かたいこうら,ツインカノン,,G,,False
sv2a_203_165,SV2a,203/165,ポケモン,闘,フーディンex,,マインドジャック,ディメンションハンド,G,,False
sv2a_204_165,SV2a,204/165,ポケモン,雷,サンダーex,ボルトフロート,いなずまれんだん,,G,,False
sv2a_205_165,SV2a,205/165,ポケモン,闘,ミュウex,リスタート,ゲノムハック,,G,,False
sv2a_206_165,SV2a,206/165,トレーナーズ,サポート,エリカの招待,,,,G,,False
sv2a_207_165,SV2a,207/165,トレーナーズ,サポート,サカキのカリスマ,,,,G,,False
sv2a_208_165,SV2a,208/165,ポケモン,闘,ミュウex,リスタート,ゲノムハック,,G,,False
sv2a_209_165,SV2a,209/165,トレーナーズ,グッズ,ポケモンいれかえ,,,,G,,False
sv2a_210_165,SV2a,210/165,エネルギー,超,基本超エネルギー,,,,-,,False
sv2d_001_071,SV2D,001/071,ポケモン,草,ハネッコ,,はねてかわす,,G,43137,False
sv2d_002_071,SV2D,002/071,ポケモン,草,ポポッコ,ふわっとよける,はなのかぜ,,G,43138,False
sv2d_003_071,SV2D,003/071,ポケモン,草,ワタッコ,ふわっとよける,わたげのかぜ,,G,43139,False
sv2d_004_071,SV2D,004/071,ポケモン,草,クヌギダマ,,ころがる,,G,43140,False
sv2d_005_071,SV2D,005/071,ポケモン,草,フォレトスex,ばくれつエナジー,ガードプレス,,G,43141,False
sv2d_006_071,SV2D,006/071,ポケモン,草,ヘラクロス,,たいあたり,スマッシュホーン,G,43142,False
sv2d_007_071,SV2D,007/071,ポケモン,草,タマンチュラ,,しばりつける,,G,43143,False
sv2d_008_071,SV2D,008/071,ポケモン,草,タマンチュラ,,ひっかける,,G,43144,False
sv2d_009_071,SV2D,009/071,ポケモン,草,ワナイダー,,まきこみトラップ,ぶちかます,G,43145,False
sv2d_010_071,SV2D,010/071,ポケモン,炎,ドンメル,,あついマグマ,,G,43146,False
sv2d_011_071,SV2D,011/071,ポケモン,炎,バクーダ,,ふんか,ばくねつスタンプ,G,43147,False
sv2d_012_071,SV2D,012/071,ポケモン,炎,ヒノヤコマ,,ヒートダイブ,,G,43148,False
sv2d_013_071,SV2D,013/071,ポケモン,炎,ファイアロー,,わしづかみ,れっかのかぜ,G,43149,False
sv2d_014_071,SV2D,014/071,ポケモン,炎,カルボウ,,キック,,G,43150,False
sv2d_015_071,SV2D,015/071,ポケモン,炎,カルボウ,,ひだね,マグナムパンチ,G,43151,False
sv2d_016_071,SV2D,016/071,ポケモン,炎,イーユイex,,ねたみこがす,フレイムサージ,G,43152,False
sv2d_017_071,SV2D,017/071,ポケモン,雷,ピカチュウ,,なきごえ,ピカボルト,G,43153,False
sv2d_018_071,SV2D,018/071,ポケモン,雷,ライチュウ,,エレキチャージ,10まんボルト,G,43154,False
sv2d_019_071,SV2D,019/071,ポケモン,雷,コリンク,,けりつける,,G,43155,False
sv2d_020_071,SV2D,020/071,ポケモン,雷,ルクシオ,,エレキック,ヘッドボルト,G,43156,False
sv2d_021_071,SV2D,021/071,ポケモン,雷,レントラー,みなぎるせんこう,ワイルドボルト,,G,43157,False
sv2d_022_071,SV2D,022/071,ポケモン,雷,バチンウニ,,しびればり,ついげきバリバリ,G,43158,False
sv2d_023_071,SV2D,023/071,ポケモン,雷,ズピカ,,でんじは,,G,43159,False
sv2d_024_071,SV2D,024/071,ポケモン,雷,ズピカ,,ふむ,バチバチ,G,43160,False
sv2d_025_071,SV2D,025/071,ポケモン,雷,ハラバリーex,,ジャンププレス,パラライズボール,G,43161,False
sv2d_026_071,SV2D,026/071,ポケモン,超,プリン,,うたう,ビンタ,G,43162,False
sv2d_027_071,SV2D,027/071,ポケモン,超,プクリン,バルーンセラピー,マジカルショット,,G,43163,False
sv2d_028_071,SV2D,028/071,ポケモン,闘,ミカルゲ,しっこくのわざわい,ぱっときえる,,G,43164,False
sv2d_029_071,SV2D,029/071,ポケモン,闘,スナバァ,,つぶやく,マッドショット,G,43165,False
sv2d_030_071,SV2D,030/071,ポケモン,闘,シロデスナ,,ホロウショット,グラウンドパワー,G,43166,False
sv2d_031_071,SV2D,031/071,ポケモン,闘,ソウブレイズ,,ライフサッカー,とうしのたいけん,G,43167,False
sv2d_032_071,SV2D,032/071,ポケモン,超,カヌチャン,,てつクズひろい,ようせいのかぜ,G,43168,False
sv2d_033_071,SV2D,033/071,ポケモン,超,カヌチャン,,くだく,,G,43169,False
sv2d_034_071,SV2D,034/071,ポケモン,超,ナカヌチャン,,じゃれつく,ふんさいプレス,G,43170,False
sv2d_035_071,SV2D,035/071,ポケモン,超,デカヌチャンex,,ビッグハンマー,ふんさいプレス,G,43171,False
sv2d_036_071,SV2D,036/071,ポケモン,草,ヨーギラス,,にどづき,,G,43172,False
sv2d_037_071,SV2D,037/071,ポケモン,草,サナギラス,,とびだしヘッド,,G,43173,False
sv2d_038_071,SV2D,038/071,ポケモン,草,ドジョッチ,,かくれる,どろかけ,G,43174,False
sv2d_039_071,SV2D,039/071,ポケモン,草,ナマズン,,あばれてゆらす,ランドクラッシュ,G,43175,False
sv2d_040_071,SV2D,040/071,ポケモン,闘,グレッグル,,どくばり,,G,43176,False
sv2d_041_071,SV2D,041/071,ポケモン,闘,ドクロッグ,,つきさす,こぶしのトゲ,G,43177,False
sv2d_042_071,SV2D,042/071,ポケモン,闘,マケンカニ,,げんこつ,マグナムパンチ,G,43178,False
sv2d_043_071,SV2D,043/071,ポケモン,闘,ケケンカニ,,がちんこ,ナックルインパクト,G,43179,False
sv2d_044_071,SV2D,044/071,ポケモン,闘,ナゲツケサル,,アシストパス,,G,43180,False
sv2d_045_071,SV2D,045/071,ポケモン,草,コジオ,,ずつき,,G,43181,False
sv2d_046_071,SV2D,046/071,ポケモン,草,コジオ,,しおぬり,たいあたり,G,43182,False
sv2d_047_071,SV2D,047/071,ポケモン,草,ジオヅム,,しおキャノン,,G,43183,False
sv2d_048_071,SV2D,048/071,ポケモン,草,キョジオーン,めぐみのしお,ノックハンマー,,G,43184,False
sv2d_049_071,SV2D,049/071,ポケモン,草,ディンルーex,じゅばくのだいち,ランドスクープ,,G,43185,False
sv2d_050_071,SV2D,050/071,ポケモン,草,ニューラ,,ツメをたてる,,G,43186,False
sv2d_051_071,SV2D,051/071,ポケモン,草,マニューラ,アサルトハント,スラッシュクロー,,G,43187,False
sv2d_052_071,SV2D,052/071,ポケモン,草,バンギラス,,けちらす,ドレッドマウンテン,G,43188,False
sv2d_053_071,SV2D,053/071,ポケモン,闘,シルシュルー,,きのみさがし,ひっかく,G,43189,False
sv2d_054_071,SV2D,054/071,ポケモン,闘,シルシュルー,,どくえき,,G,43190,False
sv2d_055_071,SV2D,055/071,ポケモン,闘,タギングル,,どくえき,カラフルグラフィティ,G,43191,False
sv2d_056_071,SV2D,056/071,ポケモン,雷,オトシドリ,,おとどけポケット,ダークエッジ,G,43192,False
sv2d_057_071,SV2D,057/071,ポケモン,竜,オンバット,,かぜおこし,,G,43193,False
sv2d_058_071,SV2D,058/071,ポケモン,竜,オンバーンex,,おんみつひこう,ドミネートエコー,G,43194,False
sv2d_059_071,SV2D,059/071,ポケモン,闘,キリンリキ,,ねんりき,ヘッドバング,G,43195,False
sv2d_060_071,SV2D,060/071,ポケモン,闘,リキキリン,,どっちかフェイス,パワービーム,G,43196,False
sv2d_061_071,SV2D,061/071,ポケモン,雷,ヤヤコマ,,きゅうこうか,,G,43197,False
sv2d_062_071,SV2D,062/071,ポケモン,闘,ワッカネズミ,,もってくる,ひっぱたく,G,43198,False
sv2d_063_071,SV2D,063/071,ポケモン,闘,ワッカネズミ,,くっつく,けとばす,G,43199,False
sv2d_064_071,SV2D,064/071,ポケモン,闘,イッカネズミ,,ひっぱたく,かじりまくる,G,43200,False
sv2d_065_071,SV2D,065/071,ポケモン,雷,カラミンゴ,いっきにむれる,だんけつのつばさ,,G,43201,False
sv2d_066_071,SV2D,066/071,トレーナーズ,グッズ,おとどけドローン,,,,G,43202,False
sv2d_067_071,SV2D,067/071,トレーナーズ,ポケモンのどうぐ,勇気のおまもり,,,,G,43203,False
sv2d_068_071,SV2D,068/071,トレーナーズ,サポート,サワロ,,,,G,43204,False
sv2d_069_071,SV2D,069/071,トレーナーズ,サポート,ナンジャモ,,,,G,43205,False
sv2d_070_071,SV2D,070/071,トレーナーズ,スタジアム,災いの荒野,,,,G,43206,False
sv2d_071_071,SV2D,071/071,エネルギー,無,セラピーエネルギー,,,,G,43207,False
sv2d_072_071,SV2D,072/071,ポケモン,草,ヘラクロス,,たいあたり,スマッシュホーン,G,,False
sv2d_073_071,SV2D,073/071,,,ヒノコヤマ,,,,G,,False
sv2d_074_071,SV2D,074/071,ポケモン,雷,ライチュウ,,エレキチャージ,10まんボルト,G,,False
sv2d_075_071,SV2D,075/071,ポケモン,闘,スナバァ,,つぶやく,マッドショット,G,,False
sv2d_076_071,SV2D,076/071,,,	カヌチャン,,,,G,,False
sv2d_077_071,SV2D,077/071,ポケモン,超,ナカヌチャン,,じゃれつく,ふんさいプレス,G,,False
sv2d_078_071,SV2D,078/071,ポケモン,草,コジオ,,ずつき,,G,,False
sv2d_079_071,SV2D,079/071,ポケモン,草,バンギラス,,けちらす,ドレッドマウンテン,G,,False
sv2d_080_071,SV2D,080/071,ポケモン,闘,タギングル,,どくえき,カラフルグラフィティ,G,,False
sv2d_081_071,SV2D,081/071,ポケモン,闘,イッカネズミ,,ひっぱたく,かじりまくる,G,,False
sv2d_082_071,SV2D,082/071,ポケモン,雷,カラミンゴ,いっきにむれる,だんけつのつばさ,,G,,False
sv2d_083_071,SV2D,083/071,ポケモン,闘,リキキリン,,どっちかフェイス,パワービーム,G,,False
sv2d_084_071,SV2D,084/071,ポケモン,草,フォレトスex,ばくれつエナジー,ガードプレス,,G,,False
sv2d_085_071,SV2D,085/071,ポケモン,炎,イーユイex,,ねたみこがす,フレイムサージ,G,,False
sv2d_086_071,SV2D,086/071,ポケモン,雷,ハラバリーex,,ジャンププレス,パラライズボール,G,,False
sv2d_087_071,SV2D,087/071,ポケモン,超,デカヌチャンex,,ビッグハンマー,ふんさいプレス,G,,False
sv2d_088_071,SV2D,088/071,ポケモン,草,ディンルーex,じゅばくのだいち,ランドスクープ,,G,,False
sv2d_089_071,SV2D,089/071,ポケモン,竜,オンバーンex,,おんみつひこう,ドミネートエコー,G,,False
sv2d_090_071,SV2D,090/071,トレーナーズ,サポート,サワロ,,,,G,,False
sv2d_091_071,SV2D,091/071,トレーナーズ,サポート,ナンジャモ,,,,G,,False
sv2d_092_071,SV2D,092/071,ポケモン,炎,イーユイex,,ねたみこがす,フレイムサージ,G,,False
sv2d_093_071,SV2D,093/071,ポケモン,超,デカヌチャンex,,ビッグハンマー,ふんさいプレス,G,,False
sv2d_094_071,SV2D,094/071,ポケモン,草,ディンルーex,じゅばくのだいち,ランドスクープ,,G,,False
sv2d_095_071,SV2D,095/071,トレーナーズ,サポート,サワロ,,,,G,,False
sv2d_096_071,SV2D,096/071,トレーナーズ,サポート,ナンジャモ,,,,G,,False
sv2d_097_071,SV2D,097/071,ポケモン,草,ディンルーex,じゅばくのだいち,ランドスクープ,,G,,False
sv2d_098_071,SV2D,098/071,,,スーパーエネルギー回収,,,,G,,False
sv2d_099_071,SV2D,099/071,,,基本草エネルギー,,,,-,,False
sv2p_001_071,SV2P,001/071,ポケモン,草,アメタマ,,とびかかる,,G,43208,False
sv2p_002_071,SV2P,002/071,ポケモン,草,アメモース,,パニックもよう,むしのさざめき,G,43209,False
sv2p_003_071,SV2P,003/071,ポケモン,草,ミツハニー,,ダブルスピン,,G,43210,False
sv2p_004_071,SV2P,004/071,ポケモン,草,ビークイン,,にどづき,しゅうげきしれい,G,43211,False
sv2p_005_071,SV2P,005/071,ポケモン,草,ユキカブリ,,どつく,,G,43212,False
sv2p_006_071,SV2P,006/071,ポケモン,草,ユキノオー,いてつくわざわい,マグナムパンチ,,G,43213,False
sv2p_007_071,SV2P,007/071,ポケモン,草,アマカジ,,ふむ,とつげき,G,43214,False
sv2p_008_071,SV2P,008/071,ポケモン,草,アママイコ,,アロマセラピー,はっぱカッター,G,43215,False
sv2p_009_071,SV2P,009/071,ポケモン,草,アマージョ,,じょおうのかかと,スピニングキック,G,43216,False
sv2p_010_071,SV2P,010/071,ポケモン,草,アノクサ,,かぜにのる,,G,43217,False
sv2p_011_071,SV2P,011/071,ポケモン,草,アノクサ,,ちょっとすいとる,,G,43218,False
sv2p_012_071,SV2P,012/071,ポケモン,草,アノホラグサ,,いのちをすいとる,かれきのろうごく,G,43219,False
sv2p_013_071,SV2P,013/071,ポケモン,草,シガロコ,,むしくい,,G,43220,False
sv2p_014_071,SV2P,014/071,ポケモン,草,シガロコ,,たまころがり,,G,43221,False
sv2p_015_071,SV2P,015/071,ポケモン,草,チオンジェンex,,むさぼるつた,フォレストバーン,G,43222,False
sv2p_016_071,SV2P,016/071,ポケモン,水,マリル,,バブルドレイン,,G,43223,False
sv2p_017_071,SV2P,017/071,ポケモン,水,マリルリ,,バブルドレイン,たたきつける,G,43224,False
sv2p_018_071,SV2P,018/071,ポケモン,水,ラブカス,,マッチング,みずのはどう,G,43225,False
sv2p_019_071,SV2P,019/071,ポケモン,水,コオリッポ,,ずつき,アイスブロック,G,43226,False
sv2p_020_071,SV2P,020/071,ポケモン,水,アルクジラ,,ゆきなだれ,,G,43227,False
sv2p_021_071,SV2P,021/071,ポケモン,水,アルクジラ,,ねむる,すてみタックル,G,43228,False
sv2p_022_071,SV2P,022/071,ポケモン,水,ハルクジラ,,つららミサイル,スペシャルホーン,G,43229,False
sv2p_023_071,SV2P,023/071,ポケモン,水,ミガルーサ,,ぶつかる,スリムスクリュー,G,43230,False
sv2p_024_071,SV2P,024/071,ポケモン,水,セビエ,,たいあたり,,G,43231,False
sv2p_025_071,SV2P,025/071,ポケモン,水,セビエ,,ひんやり,かみつく,G,43232,False
sv2p_026_071,SV2P,026/071,ポケモン,水,セゴール,,するどいひれ,フロストスマッシュ,G,43233,False
sv2p_027_071,SV2P,027/071,ポケモン,水,セグレイブ,きょくていおん,バスターテール,,G,43234,False
sv2p_028_071,SV2P,028/071,ポケモン,水,パオジアンex,わななくれいき,ヘイルブレード,,G,43235,False
sv2p_029_071,SV2P,029/071,ポケモン,闘,ヤドン,,しっぽづり,しねんのずつき,G,43236,False
sv2p_030_071,SV2P,030/071,ポケモン,闘,ヤドキングex,,うんちく,ウィズダムヘッド,G,43237,False
sv2p_031_071,SV2P,031/071,ポケモン,闘,ゴチム,,はたく,ぶきみなねんぱ,G,43238,False
sv2p_032_071,SV2P,032/071,ポケモン,闘,ゴチミル,,サイコトリップ,ちょうねんりき,G,43239,False
sv2p_033_071,SV2P,033/071,ポケモン,闘,ゴチルゼル,ほしよみ,サイコアウト,,G,43240,False
sv2p_034_071,SV2P,034/071,ポケモン,超,ミミッキュ,しんぴのまもり,ゴーストアイ,,G,43241,False
sv2p_035_071,SV2P,035/071,ポケモン,闘,ヤバチャ,,さめたおちゃ,,G,43242,False
sv2p_036_071,SV2P,036/071,ポケモン,闘,ポットデス,,こっとうあつめ,おちゃをそそぐ,G,43243,False
sv2p_037_071,SV2P,037/071,ポケモン,闘,ベラカス,,さいきのいのり,サイケこうせん,G,43244,False
sv2p_038_071,SV2P,038/071,ポケモン,闘,マンキー,,けたぐり,ぶらさがる,G,43245,False
sv2p_039_071,SV2P,039/071,ポケモン,闘,オコリザル,,けたぐり,ぶんなぐる,G,43246,False
sv2p_040_071,SV2P,040/071,ポケモン,闘,コノヨザルex,,アンガーグラッジ,ちきゅうなげ,G,43247,False
sv2p_041_071,SV2P,041/071,ポケモン,草,ウソッキー,,なぐってかくれる,ひじうち,G,43248,False
sv2p_042_071,SV2P,042/071,ポケモン,草,キラーメ,,かくせい,,G,43249,False
sv2p_043_071,SV2P,043/071,ポケモン,草,キラーメ,,いわおとし,,G,43250,False
sv2p_044_071,SV2P,044/071,ポケモン,草,キラフロル,くだけるけっしょう,どくのかべん,,G,43251,False
sv2p_045_071,SV2P,045/071,ポケモン,雷,ヤミカラス,,スピンターン,だんけつのつばさ,G,43252,False
sv2p_046_071,SV2P,046/071,ポケモン,雷,ドンカラス,,はばたく,ダーティスロー,G,43253,False
sv2p_047_071,SV2P,047/071,ポケモン,草,オラチフ,,おそいかかる,,G,43254,False
sv2p_048_071,SV2P,048/071,ポケモン,草,オラチフ,,けとばす,するどいキバ,G,43255,False
sv2p_049_071,SV2P,049/071,ポケモン,草,マフィティフ,,ほうふく,やみのキバ,G,43256,False
sv2p_050_071,SV2P,050/071,ポケモン,草,ドーミラー,,ミラードロー,スピードひこう,G,43257,False
sv2p_051_071,SV2P,051/071,ポケモン,草,ドータクン,,オラクルプレス,じんつうりき,G,43258,False
sv2p_052_071,SV2P,052/071,ポケモン,雷,アーマーガア,,アクセレート,スピニングバード,G,43259,False
sv2p_053_071,SV2P,053/071,ポケモン,草,ゾウドウ,,ふむ,,G,43260,False
sv2p_054_071,SV2P,054/071,ポケモン,草,ダイオウドウex,ブロンズボディ,ノーズクエイク,,G,43261,False
sv2p_055_071,SV2P,055/071,ポケモン,草,ミミズズ,えいようてつぶん,つきぬける,,G,43262,False
sv2p_056_071,SV2P,056/071,ポケモン,闘,ノコッチ,,ともだちをさがす,かみつく,G,43263,False
sv2p_057_071,SV2P,057/071,ポケモン,闘,ノココッチ,,どろかけ,ほりにげフラッシュ,G,43264,False
sv2p_058_071,SV2P,058/071,ポケモン,雷,キャモメ,,かぜおこし,,G,43265,False
sv2p_059_071,SV2P,059/071,ポケモン,雷,ペリッパー,かぜのたより,つばさでうつ,,G,43266,False
sv2p_060_071,SV2P,060/071,ポケモン,闘,ナマケロ,,あくび,,G,43267,False
sv2p_061_071,SV2P,061/071,ポケモン,闘,ヤルキモノ,,がちんこ,するどいツメ,G,43268,False
sv2p_062_071,SV2P,062/071,ポケモン,闘,ケッキング,にどね,ぐうたらヘッドバット,,G,43269,False
sv2p_063_071,SV2P,063/071,ポケモン,雷,ココガラ,,つきかえす,,G,43270,False
sv2p_064_071,SV2P,064/071,ポケモン,雷,アオガラス,,かっくう,わしづかみ,G,43271,False
sv2p_065_071,SV2P,065/071,ポケモン,雷,イキリンコex,イキリテイク,きあいをいれる,,G,43272,False
sv2p_066_071,SV2P,066/071,トレーナーズ,グッズ,すごいつりざお,,,,G,43273,False
sv2p_067_071,SV2P,067/071,トレーナーズ,グッズ,ファイトオレ,,,,G,43274,False
sv2p_068_071,SV2P,068/071,トレーナーズ,サポート,グルーシャ,,,,G,43275,False
sv2p_069_071,SV2P,069/071,トレーナーズ,サポート,ピーニャ,,,,G,43276,False
sv2p_070_071,SV2P,070/071,トレーナーズ,スタジアム,災いの雪山,,,,G,43277,False
sv2p_071_071,SV2P,071/071,エネルギー,無,リバーサルエネルギー,,,,G,43278,False
sv2p_072_071,SV2P,072/071,ポケモン,草,アノクサ,,かぜにのる,,G,,False
sv2p_073_071,SV2P,073/071,ポケモン,水,マリル,,バブルドレイン,,G,,False
sv2p_074_071,SV2P,074/071,ポケモン,水,コオリッポ,,ずつき,アイスブロック,G,,False
sv2p_075_071,SV2P,075/071,ポケモン,水,セビエ,,たいあたり,,G,,False
sv2p_076_071,SV2P,076/071,ポケモン,水,セゴール,,するどいひれ,フロストスマッシュ,G,,False
sv2p_077_071,SV2P,077/071,ポケモン,水,セグレイブ,きょくていおん,バスターテール,,G,,False
sv2p_078_071,SV2P,078/071,ポケモン,闘,ゴチミル,,サイコトリップ,ちょうねんりき,G,,False
sv2p_079_071,SV2P,079/071,ポケモン,闘,ベラカス,,さいきのいのり,サイケこうせん,G,,False
sv2p_080_071,SV2P,080/071,ポケモン,草,ウソッキー,,なぐってかくれる,ひじうち,G,,False
sv2p_081_071,SV2P,081/071,ポケモン,草,ミミズズ,えいようてつぶん,つきぬける,,G,,False
sv2p_082_071,SV2P,082/071,ポケモン,雷,ココガラ,,つきかえす,,G,,False
sv2p_083_071,SV2P,083/071,ポケモン,闘,ノココッチ,,どろかけ,ほりにげフラッシュ,G,,False
sv2p_084_071,SV2P,084/071,ポケモン,草,チオンジェンex,,むさぼるつた,フォレストバーン,G,,False
sv2p_085_071,SV2P,085/071,ポケモン,水,パオジアンex,わななくれいき,ヘイルブレード,,G,,False
sv2p_086_071,SV2P,086/071,ポケモン,闘,ヤドキングex,,うんちく,ウィズダムヘッド,G,,False
sv2p_087_071,SV2P,087/071,ポケモン,闘,コノヨザルex,,アンガーグラッジ,ちきゅうなげ,G,,False
sv2p_088_071,SV2P,088/071,ポケモン,草,ダイオウドウex,ブロンズボディ,ノーズクエイク,,G,,False
sv2p_089_071,SV2P,089/071,ポケモン,雷,イキリンコex,イキリテイク,きあいをいれる,,G,,False
sv2p_090_071,SV2P,090/071,トレーナーズ,サポート,グルーシャ,,,,G,,False
sv2p_091_071,SV2P,091/071,トレーナーズ,サポート,ピーニャ,,,,G,,False
sv2p_092_071,SV2P,092/071,ポケモン,草,チオンジェンex,,むさぼるつた,フォレストバーン,G,,False
sv2p_093_071,SV2P,093/071,ポケモン,水,パオジアンex,わななくれいき,ヘイルブレード,,G,,False
sv2p_094_071,SV2P,094/071,ポケモン,雷,イキリンコex,イキリテイク,きあいをいれる,,G,,False
sv2p_095_071,SV2P,095/071,トレーナーズ,サポート,グルーシャ,,,,G,,False
sv2p_096_071,SV2P,096/071,トレーナーズ,サポート,ピーニャ,,,,G,,False
sv2p_097_071,SV2P,097/071,ポケモン,水,パオジアンex,わななくれいき,ヘイルブレード,,G,,False
sv2p_098_071,SV2P,098/071,トレーナーズ,グッズ,すごいつりざお,,,,G,,False
sv2p_099_071,SV2P,099/071,,,基本水エネルギー,,,,-,,False
sval_001_021,SVAL,001/021,ポケモン,炎,ガーディ,,れんぞくファイヤー,,G,42729,False
sval_002_021,SVAL,002/021,ポケモン,炎,ホゲータ,,かじる,かえん,G,42730,False
sval_002_021_m,SVAL,002/021,ポケモン,炎,ホゲータ,,かじる,かえん,G,42750,False
sval_003_021,SVAL,003/021,ポケモン,炎,アチゲータ,,かみつく,ころがりタックル,G,42731,False
sval_003_021_m,SVAL,003/021,ポケモン,炎,アチゲータ,,かみつく,ころがりタックル,G,42751,False
sval_004_021,SVAL,004/021,ポケモン,炎,ラウドボーン,,ねっしょう,ブレイズシャウト,G,42732,False
sval_004_021_m,SVAL,004/021,ポケモン,炎,ラウドボーン,,ねっしょう,ブレイズシャウト,G,42752,False
sval_005_021,SVAL,005/021,ポケモン,雷,メリープ,,バチバチ,エレキボール,G,42733,False
sval_006_021,SVAL,006/021,ポケモン,雷,モココ,,でんきショック,エレキボール,G,42734,False
sval_007_021,SVAL,007/021,ポケモン,雷,デンリュウex,,エレキボール,ライトニングテール,G,42735,False
sval_008_021,SVAL,008/021,ポケモン,雷,ロトム,,ちょくげきだん,,G,42736,False
sval_009_021,SVAL,009/021,ポケモン,闘,グルトン,,もってくる,たいあたり,G,42737,False
sval_010_021,SVAL,010/021,ポケモン,雷,カラミンゴ,,はばたく,きゅうこうか,G,42738,False
sval_011_021,SVAL,011/021,トレーナーズ,グッズ,エネルギー転送,,,,G,42739,False
sval_012_021,SVAL,012/021,トレーナーズ,グッズ,ネストボール,,,,G,42740,False
sval_013_021,SVAL,013/021,トレーナーズ,グッズ,ハイパーボール,,,,G,42741,False
sval_014_021,SVAL,014/021,トレーナーズ,グッズ,ふしぎなアメ,,,,G,42742,False
sval_015_021,SVAL,015/021,トレーナーズ,グッズ,ポケギア3.0,,,,G,42743,False
sval_016_021,SVAL,016/021,トレーナーズ,グッズ,ポケモンいれかえ,,,,G,42744,False
sval_017_021,SVAL,017/021,トレーナーズ,サポート,ジニア,,,,G,42745,False
sval_018_021,SVAL,018/021,トレーナーズ,サポート,ジャッジマン,,,,G,42746,False
sval_019_021,SVAL,019/021,トレーナーズ,サポート,たんぱんこぞう,,,,G,42747,False
sval_020_021,SVAL,020/021,トレーナーズ,サポート,ネモ,,,,G,42748,False
sval_021_021,SVAL,021/021,トレーナーズ,サポート,博士の研究（フトゥー博士）,,,,G,42749,False
sval_FIR,SVAL,FIR,エネルギー,炎,基本炎エネルギー,,,,-,42780,False
sval_LIG,SVAL,LIG,エネルギー,雷,基本雷エネルギー,,,,-,42782,False
svam_001_023,SVAM,001/023,ポケモン,草,キノココ,,すいとる,,G,42703,False
svam_002_023,SVAM,002/023,ポケモン,草,キノガッサ,,マッハストレート,,G,42704,False
svam_003_023,SVAM,003/023,ポケモン,草,トロピウス,,もぎたてフルーツ,はっぱカッター,G,42705,False
svam_004_023,SVAM,004/023,ポケモン,草,ニャオハ,,ひっかく,このは,G,42706,False
svam_004_023_m,SVAM,004/023,ポケモン,草,ニャオハ,,ひっかく,このは,G,42726,False
svam_005_023,SVAM,005/023,ポケモン,草,ニャローテ,,きりさく,リーフステップ,G,42707,False
svam_005_023_m,SVAM,005/023,ポケモン,草,ニャローテ,,きりさく,リーフステップ,G,42727,False
svam_006_023,SVAM,006/023,ポケモン,草,マスカーニャ,,トリックマント,フラワーボム,G,42708,False
svam_006_023_m,SVAM,006/023,ポケモン,草,マスカーニャ,,トリックマント,フラワーボム,G,42728,False
svam_007_023,SVAM,007/023,ポケモン,草,タマンチュラ,,いとでひっぱる,むしくい,G,42709,False
svam_008_023,SVAM,008/023,ポケモン,闘,リオル,,ジャブ,けたぐり,G,42710,False
svam_009_023,SVAM,009/023,ポケモン,闘,ルカリオex,,ローキック,はどうだん,G,42711,False
svam_010_023,SVAM,010/023,ポケモン,草,イシヘンジン,かたいからだ,メガトンキック,,G,42712,False
svam_011_023,SVAM,011/023,ポケモン,闘,グルトン,,もってくる,たいあたり,G,42713,False
svam_012_023,SVAM,012/023,トレーナーズ,グッズ,エネルギーつけかえ,,,,G,42714,False
svam_013_023,SVAM,013/023,トレーナーズ,グッズ,エネルギー転送,,,,G,42715,False
svam_014_023,SVAM,014/023,トレーナーズ,グッズ,きずぐすり,,,,G,42716,False
svam_015_023,SVAM,015/023,トレーナーズ,グッズ,ネストボール,,,,G,42717,False
svam_016_023,SVAM,016/023,トレーナーズ,グッズ,ハイパーボール,,,,G,42718,False
svam_017_023,SVAM,017/023,トレーナーズ,グッズ,ポケギア3.0,,,,G,42719,False
svam_018_023,SVAM,018/023,トレーナーズ,グッズ,ポケモンいれかえ,,,,G,42720,False
svam_019_023,SVAM,019/023,トレーナーズ,グッズ,ポケモンキャッチャー,,,,G,42721,False
svam_020_023,SVAM,020/023,トレーナーズ,サポート,ジャッジマン,,,,G,42722,False
svam_021_023,SVAM,021/023,トレーナーズ,サポート,たんぱんこぞう,,,,G,42723,False
svam_022_023,SVAM,022/023,トレーナーズ,サポート,ネモ,,,,G,42724,False
svam_023_023,SVAM,023/023,トレーナーズ,サポート,博士の研究（オーリム博士）,,,,G,42725,False
svam_GRA,SVAM,GRA,エネルギー,草,基本草エネルギー,,,,-,42779,False
svam_FIG,SVAM,FIG,エネルギー,闘,基本闘エネルギー,,,,-,42784,False
svaw_001_023,SVAW,001/023,ポケモン,水,ママンボウ,,なみのり,アクアスラッシュ,G,42753,False
svaw_002_023,SVAW,002/023,ポケモン,水,クワッス,,はたく,キック,G,42754,False
svaw_002_023_m,SVAW,002/023,ポケモン,水,クワッス,,はたく,キック,G,42776,False
svaw_003_023,SVAW,003/023,ポケモン,水,ウェルカモ,,みずかけ,かいてんげり,G,42755,False
svaw_003_023_m,SVAW,003/023,ポケモン,水,ウェルカモ,,みずかけ,かいてんげり,G,42777,False
svaw_004_023,SVAW,004/023,ポケモン,水,ウェーニバル,エナジーカーニバル,ハイドロキック,,G,42756,False
svaw_004_023_m,SVAW,004/023,ポケモン,水,ウェーニバル,エナジーカーニバル,ハイドロキック,,G,42778,False
svaw_005_023,SVAW,005/023,ポケモン,超,デデンネ,,きずにかみつく,,G,42757,False
svaw_006_023,SVAW,006/023,ポケモン,超,ミミッキュex,,うつろがえり,エネバースト,G,42758,False
svaw_007_023,SVAW,007/023,ポケモン,闘,ヒラヒナ,,ぶつかる,,G,42759,False
svaw_008_023,SVAW,008/023,ポケモン,闘,ザングース,,きりさく,,G,42760,False
svaw_009_023,SVAW,009/023,ポケモン,闘,グルトン,,もってくる,たいあたり,G,42761,False
svaw_010_023,SVAW,010/023,ポケモン,闘,モトトカゲ,,とつげき,,G,42762,False
svaw_011_023,SVAW,011/023,トレーナーズ,グッズ,エネルギー回収,,,,G,42763,False
svaw_012_023,SVAW,012/023,トレーナーズ,グッズ,エネルギー転送,,,,G,42764,False
svaw_013_023,SVAW,013/023,トレーナーズ,グッズ,クラッシュハンマー,,,,G,42765,False
svaw_014_023,SVAW,014/023,トレーナーズ,グッズ,ネストボール,,,,G,42766,False
svaw_015_023,SVAW,015/023,トレーナーズ,グッズ,ハイパーボール,,,,G,42767,False
svaw_016_023,SVAW,016/023,トレーナーズ,グッズ,ポケギア3.0,,,,G,42768,False
svaw_017_023,SVAW,017/023,トレーナーズ,グッズ,ポケモンいれかえ,,,,G,42769,False
svaw_018_023,SVAW,018/023,トレーナーズ,グッズ,ポケモンキャッチャー,,,,G,42770,False
svaw_019_023,SVAW,019/023,トレーナーズ,ポケモンのどうぐ,げんきのハチマキ,,,,G,42771,False
svaw_020_023,SVAW,020/023,トレーナーズ,サポート,ジャッジマン,,,,G,42772,False
svaw_021_023,SVAW,021/023,トレーナーズ,サポート,たんぱんこぞう,,,,G,42773,False
svaw_022_023,SVAW,022/023,トレーナーズ,サポート,ネモ,,,,G,42774,False
svaw_023_023,SVAW,023/023,トレーナーズ,サポート,博士の研究（オーリム博士）,,,,G,42775,False
svaw_WAT,SVAW,WAT,エネルギー,水,基本水エネルギー,,,,-,42781,False
svaw_PSY,SVAW,PSY,エネルギー,超,基本超エネルギー,,,,-,42783,False
svb_008_028,SVB,008/028,ポケモン,水,ネオラントV,ルミナスサイン,アクアリターン,,F,42794,False
svb_009_028,SVB,009/028,ポケモン,雷,メリープ,,うしろげり,エレキボール,E,42795,False
svb_010_028,SVB,010/028,ポケモン,雷,モココ,エレキダイナモ,エレキボール,,E,42796,False
svb_011_028,SVB,011/028,ポケモン,闘,ミュウ,ふしぎなしっぽ,サイコショット,,E,42797,False
svb_001_028,SVB,001/028,トレーナーズ,グッズ,ネストボール,,,,G,42787,False
svb_002_028,SVB,002/028,トレーナーズ,グッズ,ハイパーボール,,,,G,42788,False
svb_003_028,SVB,003/028,トレーナーズ,グッズ,ふしぎなアメ,,,,G,42789,False
svb_004_028,SVB,004/028,トレーナーズ,グッズ,ポケギア3.0,,,,G,42790,False
svb_005_028,SVB,005/028,トレーナーズ,グッズ,ポケモンいれかえ,,,,G,42791,False
svb_006_028,SVB,006/028,トレーナーズ,ポケモンのどうぐ,こだわりベルト,,,,G,42792,False
svb_007_028,SVB,007/028,トレーナーズ,サポート,博士の研究（フトゥー博士）,,,,G,42793,False
svb_012_028,SVB,012/028,トレーナーズ,グッズ,ガッツのつるはし,,,,F,42798,False
svb_013_028,SVB,013/028,トレーナーズ,グッズ,霧の水晶,,,,E,42799,False
svb_014_028,SVB,014/028,トレーナーズ,グッズ,ヒスイのヘビーボール,,,,F,42800,False
svb_015_028,SVB,015/028,トレーナーズ,グッズ,レベルボール,,,,E,42801,False
svb_016_028,SVB,016/028,トレーナーズ,グッズ,ロストスイーパー,,,,F,42802,False
svb_017_028,SVB,017/028,トレーナーズ,サポート,カイ,,,,F,42803,False
svb_018_028,SVB,018/028,トレーナーズ,サポート,キバナ,,,,E,42804,False
svb_019_028,SVB,019/028,トレーナーズ,サポート,クララ,,,,E,42805,False
svb_020_028,SVB,020/028,トレーナーズ,サポート,セレナ,,,,F,42806,False
svb_021_028,SVB,021/028,トレーナーズ,サポート,ツツジ,,,,F,42807,False
svb_022_028,SVB,022/028,トレーナーズ,サポート,ナタネの活気,,,,F,42808,False
svb_023_028,SVB,023/028,トレーナーズ,サポート,ヒガナの決意,,,,E,42809,False
svb_024_028,SVB,024/028,トレーナーズ,サポート,ボスの指令（アカギ）,,,,F,42810,False
svb_025_028,SVB,025/028,トレーナーズ,サポート,モミ,,,,E,42811,False
svb_026_028,SVB,026/028,トレーナーズ,スタジアム,頂への雪道,,,,E,42812,False
svb_027_028,SVB,027/028,トレーナーズ,スタジアム,マグマの滝壺,,,,F,42813,False
svb_028_028,SVB,028/028,エネルギー,無,ダブルターボエネルギー,,,,F,42814,False
svc_001_021,SVC,001/021,ポケモン,雷,ピカチュウex,,ピカパンチ,ダイナミックボルト,G,43093,False
svc_002_021,SVC,002/021,ポケモン,雷,コイル,,マグネチャージ,スピードボール,G,43094,False
svc_003_021,SVC,003/021,ポケモン,雷,ビリリダマ,,ピッカリだま,ころがる,G,43095,False
svc_004_021,SVC,004/021,ポケモン,雷,マルマイン,,ピッカリだま,ころがりタックル,G,43096,False
svc_005_021,SVC,005/021,ポケモン,雷,コリンク,おおきくほえる,ぶつかる,,G,43097,False
svc_006_021,SVC,006/021,ポケモン,雷,バチンウニ,,ニードルクラッシュ,,G,43098,False
svc_007_021,SVC,007/021,ポケモン,雷,パモ,,バチバチ,,G,43099,False
svc_007_021_m,SVC,007/021,ポケモン,雷,パモ,,バチバチ,,G,43114,False
svc_008_021,SVC,008/021,ポケモン,雷,パモット,,バチバチ,エレキバレット,G,43100,False
svc_008_021_m,SVC,008/021,ポケモン,雷,パモット,,バチバチ,エレキバレット,G,43115,False
svc_009_021,SVC,009/021,ポケモン,雷,パーモット,,マッハボルト,エレキフィスト,G,43101,False
svc_009_021_m,SVC,009/021,ポケモン,雷,パーモット,,マッハボルト,エレキフィスト,G,43116,False
svc_010_021,SVC,010/021,ポケモン,闘,グルトン,,もってくる,たいあたり,G,43102,False
svc_011_021,SVC,011/021,トレーナーズ,グッズ,エネルギーつけかえ,,,,G,43103,False
svc_012_021,SVC,012/021,トレーナーズ,グッズ,エレキジェネレーター,,,,G,43104,False
svc_013_021,SVC,013/021,トレーナーズ,グッズ,ネストボール,,,,G,43105,False
svc_014_021,SVC,014/021,トレーナーズ,グッズ,ハイパーボール,,,,G,43106,False
svc_015_021,SVC,015/021,トレーナーズ,グッズ,ポケギア3.0,,,,G,43107,False
svc_016_021,SVC,016/021,トレーナーズ,グッズ,ポケモンいれかえ,,,,G,43108,False
svc_017_021,SVC,017/021,トレーナーズ,グッズ,ポケモンキャッチャー,,,,G,43109,False
svc_018_021,SVC,018/021,トレーナーズ,サポート,ジャッジマン,,,,G,43110,False
svc_019_021,SVC,019/021,トレーナーズ,サポート,たんぱんこぞう,,,,G,43111,False
svc_020_021,SVC,020/021,トレーナーズ,サポート,ネモ,,,,G,43112,False
svc_021_021,SVC,021/021,トレーナーズ,サポート,博士の研究（フトゥー博士）,,,,G,43113,False
svc_LIG,SVC,LIG,エネルギー,雷,基本雷エネルギー,,,,-,42782,False
svp1_001_007,SVP1,001/007,ポケモン,草,ノノクラゲ,,みだれげり,,G,43314,False
svp1_002_007,SVP1,002/007,ポケモン,草,リククラゲex,まもりのきんし,コロニーラッシュ,,G,43315,False
svp1_003_007,SVP1,003/007,ポケモン,雷,パモ,,プチショック,,G,43316,False
svp1_004_007,SVP1,004/007,ポケモン,雷,パモット,,でんきショック,ヘッドボルト,G,43317,False
svp1_005_007,SVP1,005/007,ポケモン,雷,パーモットex,,エレキック,いなずまストライク,G,43318,False
svp1_006_007,SVP1,006/007,ポケモン,闘,ボチ,,おはかであそぶ,,G,43319,False
svp1_007_007,SVP1,007/007,ポケモン,闘,ハカドッグex,,かじりつく,おはかまいり,G,43320,False
